,NumCommune,CommuneAr,Fax,CommuneFr,Willaya
0,0101,أدرار,"
 (049) 36 - 78 - 27

",ADRAR,أدرار
1,0102,تامست,"
 (049) 94 - 61 - 52

",TAMEST,أدرار
2,0104,رقان,"
 (049) 32 - 01 - 29

",REGGANE,أدرار
3,0105,انزجمير,"
 (049) 97 - 22 - 40

",IN ZGHMIR,أدرار
4,0106,تيط,"
 (049) 97 - 92 - 94

",TIT,أدرار
5,0108,تسابيت,"
 (049) 34 - 80 - 28

",TSABIT,أدرار
6,0111,زاوية كنتة,"
 (049) 97 - 46 - 44

",ZAOUIET KOUNTA,أدرار
7,0112,أولف,"
 (049) 97 - 73 - 00

",AOULEF,أدرار
8,0113,تيمقطن,"
 (049) 98 - 55 - 22

",TIMEKTEN,أدرار
9,0114,تمنطيط,"
 (049) 96 - 15 - 36

",TAMANTIT,أدرار
10,0115,فنوغيل,"
 (049) 94 - 18 - 47

",FENOUGHIL,أدرار
11,0118,سالي,"
 (049) 97 - 31 - 28

",SALI,أدرار
12,0119,اقبلي,"
 (049) 97 - 82 - 24

",AKABLI,أدرار
13,0121,أولاد أحمد تيمي,"
 (049) 94 - 61 - 52

",OULED AHMED TIMMI,أدرار
14,0122,بودة,"
 (049) 94 - 31 - 87

",BOUDA,أدرار
15,0126,سبع,"
 (049) 94 - 71 - 49

",SEBAA,أدرار
16,0201,الشلف,"
 (027) 77 - 32 - 01

",CHLEF,الشلف
17,0202,تنس,"
 (027) 76 - 64 - 82

",TENES,الشلف
18,0203,بنايرية,"
 (027) 46 - 04 - 89

",BENAIRIA,الشلف
19,0204,الكريمية,"
 (027) 70 - 83 - 29

",EL KARIMIA,الشلف
20,0205,تاجنة,"
 (027) 42 - 49 - 70

",TADJENA,الشلف
21,0206,تاقريت,"
 (027) 42 - 01 - 73

",TAOUGRITE,الشلف
22,0207,بني حواء,"
 (027) 75 - 35 - 51

",BENI HAOUA,الشلف
23,0208,صبحة,"
 (027) 71 - 97 - 77

",SOBHA,الشلف
24,0209,حرشون,"
 (027) 44 - 33 - 48

",HARCHOUN,الشلف
25,0210,أولاد فارس,"
 (027) 72 - 91 - 28

",OULED FARES,الشلف
26,0211,سيدي عكاشة,"
 (027) 76 - 13 - 83

",SIDI AKKACHA,الشلف
27,0212,بوقادير,"
 (027) 74 - 09 - 71

",BOUKADIR,الشلف
28,0213,بني راشد,"
 (027) 44 - 01 - 59

",BENI RACHED,الشلف
29,0214,تلعصة,"
 (027) 46 - 32 - 62

",TALASSA,الشلف
30,0215,الهرنفة,"
 (027) 42 - 23 - 64

",HERENFA,الشلف
31,0216,وادي قوسين,"
 (027) 75 - 81 - 56

",OUED GOUSSINE,الشلف
32,0217,الظهر,"
 (027) 42 - 61 - 03

",DAHRA,الشلف
33,0218,أولاد عباس,"
 (027) 44 - 21 - 60

",OULED ABBES,الشلف
34,0219,السنجاس,"
 (027) 70 - 01 - 43

",SENDJAS,الشلف
35,0220,الزبوجة,"
 (027) 75 - 22 - 94

",ZEBOUDJA,الشلف
36,0221,وادي سلي,"
 (027) 71 - 60 - 00

",OUED SLY,الشلف
37,0222,أبو الحسين,"
 (027) 75 - 50 - 85

",ABOU EL HASSAN,الشلف
38,0223,المرسى,"
 (027) 75 - 65 - 19

",EL MARSA,الشلف
39,0224,الشطية,"
 (027) 73 - 92 - 80

",CHETTIA,الشلف
40,0225,سيدي عبد الرحمن,"
 (027) 46 - 54 - 12

",SIDI ABDERRAHMANE,الشلف
41,0226,مصدق,"
 (027) 46 - 21 - 05

",MOUSSADEK,الشلف
42,0227,الحجاج,"
 (027) 49 - 22 - 90

",EL HADJADJ,الشلف
43,0228,الأبيض مجاجة,"
 (027) 49 - 31 - 05

",LABIOD MEDJADJA,الشلف
44,0229,وادي الفضة,"
 (027) 44 - 72 - 02

",OUED FODDA,الشلف
45,0230,أولاد بن عبد القادر,"
 (027) 42 - 39 - 80

",OULED BEN ABDELKADER,الشلف
46,0231,بوزغاية,"
 (027) 71 - 50 - 04

",BOUZEGHAIA,الشلف
47,0232,عين مران,"
 (027) 42 - 80 - 96

",AIN MERANE,الشلف
48,0233,أم الدروع,"
 (027) 71 - 83 - 42

",OUM DROU,الشلف
49,0234,بريرة,"
 (027) 46 - 61 - 18

",BREIRA,الشلف
50,0235,بني بوعتاب,"
 (027) 44 - 51 - 10

",BENI  BOUATTAB,الشلف
51,0301,الأغواط,"
 (029) 93 - 40 - 73

",LAGHOUAT,الأغواط
52,0302,قصر الحيران,"
 (029) 93 - 96 - 78

",KSAR EL HIRANE,الأغواط
53,0303,بن ناصر بن شهرة,"
 (029) 92 - 34 - 62

",BENACER BENCHOHRA,الأغواط
54,0304,سيدي مخلوف,"
 (029) 94 - 10 - 27

",SIDI MAKHLOUF,الأغواط
55,0305,حاسي الدلاعة,"
 (029) 98 - 02 - 94

",HASSI DELAA,الأغواط
56,0306,حاسي الرمل,"
 (029) 98 - 80 - 94

",HASSI R'MEL,الأغواط
57,0307,عين ماضي,"
 (029) 93 - 07 - 31

",AIN MAHDI,الأغواط
58,0308,تاجموت,"
 (029) 93 - 66 - 52

",TADJEMOUT,الأغواط
59,0309,الخنق,"
 (029) 94 - 81 - 84

",KHENEG,الأغواط
60,0310,قتلة سيدي سعيد,"
 (029) 96 - 32 - 99

",GUELTAT SIDI SAAD,الأغواط
61,0311,عين سهيه علي,"
 (029) 97 - 03 - 49

",AIN SIDI ALI,الأغواط
62,0312,بيضاء,"
 (029) 97 - 84 - 12

",BEIDHA,الأغواط
63,0313,بريدة,"
 غير متاح

",BRIDA,الأغواط
64,0314,الغيشة,"
 (029) 97 - 54 - 22

",EL GHICHA,الأغواط
65,0315,الحاج مشري,"
 (029) 95 - 92 - 56

",HADJ MECHRI,الأغواط
66,0316,سبقاق,"
 (029) 95 - 92 - 56

",SEBGAG,الأغواط
67,0317,تاويالة,"
 (029) 97 - 63 - 46

",TAOUIALA,الأغواط
68,0318,تاجرونة,"
 (029) 94 - 34 - 26

",TADJROUNA,الأغواط
69,0319,أفلو,"
 (029) 96 - 51 - 51

",AFLOU,الأغواط
70,0320,العسفية,"
 (029) 94 - 60 - 82

",EL ASSAFIA,الأغواط
71,0321,وادي مرة,"
 (029) 97 - 32 - 70

",OUED MORRA,الأغواط
72,0322,وادي مزي,"
 (029) 95 - 71 - 87

",OUED M'ZI,الأغواط
73,0323,الحويطة,"
 (029) 94 - 42 - 25

",EL HAOUAITA,الأغواط
74,0324,سيدي بوزيد,"
 (029) 97 - 23 - 75

",SIDI BOUZID,الأغواط
75,0401,أم البواقي,"
 (032) 42 - 50 - 37

",OUM EL BOUAGHI,أم البواقي
76,0402,عين البيضاء,"
 (032) 47 - 83 - 09

",AIN BEIDA,أم البواقي
77,0403,عين مليلة,"
 (032) 45 - 28 - 43

",AIN M'LILA,أم البواقي
78,0404,بحير الشرقي,"
 (032) 46 - 81 - 62

",BEHIR CHERGUI,أم البواقي
79,0405,العامرية,"
 (032) 43 - 61 - 94

",EL AMIRIA,أم البواقي
80,0406,سيقوس,"
 (032) 40 - 87 - 68

",SIGUS,أم البواقي
81,0407,البلالة,"
 (032) 47 - 51 - 05

",EL BELALA,أم البواقي
82,0408,عين بابوش,"
 (032) 46 - 33 - 47

",AIN BABOUCHE,أم البواقي
83,0409,بريش,"
 (032) 49 - 89 - 47

",BERRICHE,أم البواقي
84,0410,أولاد حملة,"
 (032) 44 - 51 - 45

",OULED HAMLA,أم البواقي
85,0411,الضلعة,"
 (032) 49 - 62 - 68

",DHALA,أم البواقي
86,0412,عين كرشة,"
 (032) 44 - 13 - 77

",AIN KERCHA,أم البواقي
87,0413,هنشير تومغاني,"
 (032) 41 - 01 - 07

",HANCHIR TOUMGHANI,أم البواقي
88,0414,الجازية,"
 (032) 46 - 01 - 07

",EL DJAZIA,أم البواقي
89,0415,عين الديس,"
 (032) 43 - 41 - 01

",AIN DISS,أم البواقي
90,0416,فكيرينة,"
 (032) 47 - 90 - 65

",FKIRINA,أم البواقي
91,0417,سوق نعمان,"
 (032) 44 - 48 - 26

",SOUK NAAMANE,أم البواقي
92,0418,الزرق,"
 (032) 48 - 11 - 26

",ZORG,أم البواقي
93,0419,الفجوج بوغرارة سعودي,"
 (032) 43 - 31 - 05

",EL FEDJOUDJ BOUGHRARA SAOUDI,أم البواقي
94,0420,أولاد زاوي,"
 (032) 45 - 41 - 35

",OULED ZOUAI,أم البواقي
95,0421,بئر الشهداء,"
 (032) 45 - 83 - 33

",BIR CHOUHADA,أم البواقي
96,0422,قصر الصباحي,"
 (032) 40 - 50 - 31

",KSAR SBAHI,أم البواقي
97,0423,وادي نيني,"
 (032) 48 - 21 - 85

",OUED NINI,أم البواقي
98,0424,مسكيانة,"
 (032) 47 - 25 - 73

",MESKIANA,أم البواقي
99,0425,عين الفكرون,"
 (032) 40 - 17 - 77

",AIN FEKROUNE,أم البواقي
100,0426,الراحية,"
 (032) 46 - 91 - 44

",RAHIA,أم البواقي
101,0427,عين الزيتون,"
 (032) 43 - 21 - 17

",AIN ZITOUN,أم البواقي
102,0428,أولاد قاسم,"
 (032) 45 - 51 - 95

",OULED GACEM,أم البواقي
103,0429,الحرملية,"
 (032) 45 - 71 - 08

",EL HARMILIA,أم البواقي
104,0501,باتنة,"
 (033) 85 - 69 - 31

",BATNA,باتنة
105,0502,غسيرة,"
 (033) 94 - 71 - 01

",GHASSIRA,باتنة
106,0503,معافة,"
 (033) 83 - 77 - 88

",MAAFA,باتنة
107,0504,مروانة,"
 (033) 87 - 90 - 90

",MEROUANA,باتنة
108,0505,سريانة,"
 (033) 93 - 60 - 19

",SERIANA,باتنة
109,0506,منعة,"
 (033) 84 - 74 - 74

",MENAA,باتنة
110,0507,المعذر,"
 (033) 93 - 86 - 53

",EL MADHER,باتنة
111,0508,تازولت,"
 (033) 22 - 10 - 46

",TAZOULT,باتنة
112,0509,نقاوس,"
 (033) 88 - 62 - 59

",N GAOUS,باتنة
113,0510,قيقبة,"
 (033) 96 - 03 - 84

",GUIGBA,باتنة
114,0511,إينوغيسن,"
 (033) 94 - 81 - 02

",INOUGHISSEN,باتنة
115,0512,عيون العصافير,"
 (033) 91 - 71 - 58

",OUYOUN EL ASSAFIR,باتنة
116,0513,جرمة,"
 (033) 85 - 91 - 99

",DJERMA,باتنة
117,0514,بيطام,"
 (033) 89 - 83 - 67

",BITAM,باتنة
118,0515,إزيل عبد القادر,"
 (033) 95 - 32 - 07

",AZIL ABEDELKADER,باتنة
119,0516,أريس,"
 (033) 84 - 56 - 22

",ARRIS,باتنة
120,0517,كيمل,"
 (033) 94 - 01 - 12

",KIMMEL,باتنة
121,0518,تيلاطو,"
 (033) 91 - 21 - 28

",TILATOU,باتنة
122,0519,عين جاسر,"
 (033) 98 - 75 - 47

",AIN DJASSER,باتنة
123,0520,أولاد سالم,"
 (033) 83 - 63 - 16

",OULED SELLEM,باتنة
124,0521,تغرغار,"
 (033) 94 - 51 - 04

",TIGHARGHAR,باتنة
125,0522,عين ياقوت,"
 (033) 98 - 55 - 63

",AIN YAGOUT,باتنة
126,0523,فسديس,"
 (033) 80 - 80 - 82

",FESDIS,باتنة
127,0524,سفيان,"
 (033) 96 - 52 - 62

",SEFIANE,باتنة
128,0525,الرحبات,"
 (033) 96 - 81 - 13

",RAHBAT,باتنة
129,0526,تغانمين,"
 (033) 92 - 22 - 54

",TIGHANIMINE,باتنة
130,0527,لمسان,"
 (033) 87 - 42 - 62

",LEMSANE,باتنة
131,0528,قصر بلزمة,"
 (033) 87 - 21 - 16

",KSAR BELLEZMA,باتنة
132,0529,سقانة,"
 (033) 95 - 21 - 55

",SEGGANA,باتنة
133,0530,أشمول,"
 (033) 84 - 94 - 64

",ICHMOUL,باتنة
134,0531,فم الطوب,"
 (033) 91 - 41 - 46

",FOUM TOUB,باتنة
135,0532,بني فوظالة الحكانية,"
 (033) 89 - 13 - 13

",BENI FOUDHALA EL HAKANIA,باتنة
136,0533,وادي الماء,"
 (033) 83 - 34 - 63

",OUED EL MA,باتنة
137,0534,تالغمت,"
 (033) 87 - 42 - 31

",TALKHAMT,باتنة
138,0535,بوزينة,"
 (033) 84 - 82 - 60

",BOUZINA,باتنة
139,0536,شمرة,"
 (030) 37 - 45 - 16

",CHEMORA,باتنة
140,0537,وادي الشعبة,"
 (033) 80 - 11 - 58

",OUED CHAABA,باتنة
141,0538,تاكسلانة,"
 (033) 96 - 22 - 01

",TAXLENT,باتنة
142,0539,القصبات,"
 (033) 36 - 62 - 35

",GOSBAT,باتنة
143,0540,أولاد عوف,"
 (033) 89 - 11 - 22

",OULED AOUF,باتنة
144,0541,بومقر,"
 (033) 96 - 92 - 96

",BOUMAGUEUR,باتنة
145,0542,بريكة,"
 (033) 89 - 96 - 96

",BARIKA,باتنة
146,0543,الجزار,"
 (033) 89 - 54 - 15

",DJEZZAR,باتنة
147,0544,تكوت,"
 (033) 84 - 02 - 53

",T KOUT,باتنة
148,0545,عين التوتة,"
 (033) 83 - 47 - 47

",AIN TOUTA,باتنة
149,0546,حيدوسة,"
 (033) 87 - 11 - 70

",HIDOUSSA,باتنة
150,0547,ثنية العابد,"
 (033) 84 - 14 - 93

",TENIET EL ABED,باتنة
151,0548,وادي الطاقة,"
 (033) 81 - 00 - 88

",OUED TAGA,باتنة
152,0549,أولاد فاضل,"
 (033) 91 - 34 - 27

",OULED FADEL,باتنة
153,0550,تيمقاد,"
 (033) 81 - 14 - 10

",TIMGAD,باتنة
154,0551,رأس العيون,"
 (033) 80 - 08 - 08

",RAS EL AIOUN,باتنة
155,0552,شير,"
 (033) 97 - 63 - 22

",CHIR,باتنة
156,0553,أولاد سيدي سليمان,"
 (033) 88 - 34 - 26

",OULED SI SLIMANE,باتنة
157,0554,زانة البيضاء,"
 (033) 87 - 62 - 92

",ZANET EL BEIDA,باتنة
158,0555,مدوكال,"
 (033) 89 - 71 - 58

",M DOUKAL,باتنة
159,0556,أولاد عمار,"
 (033) 95 - 51 - 54

",OULED AMMAR,باتنة
160,0557,الحاسي,"
 (033) 87 - 72 - 83

",EL HASSI,باتنة
161,0558,لازرو,"
 (033) 93 - 64 - 27

",LAZROU,باتنة
162,0559,بومية,"
 (033) 85 - 01 - 40

",BOUMIA,باتنة
163,0560,بوالحيلات,"
 (033) 80 - 92 - 33

",BOULHILAT,باتنة
164,0561,لرباع,"
 (033) 80 - 79 - 00

",LARBAA,باتنة
165,0601,بجاية,"
 (034) 10 - 95 - 68

",BEJAIA,بجاية
166,0602,أميزور,"
 (034) 24 - 85 - 65

",AMIZOUR,بجاية
167,0603,فرعون,"
 (034) 37 - 53 - 15

",FERAOUN,بجاية
168,0604,تاوريرت إغيل,"
 (034) 25 - 45 - 09

",TAOURIT IGHIL,بجاية
169,0605,شلاطة,"
 (034) 34 - 93 - 59

",CHELLATA,بجاية
170,0606,تامقرة,"
 (034) 34 - 61 - 02

",TAMOKRA,بجاية
171,0607,تيمزريت,"
 (034) 14 - 64 - 06

",TIMEZRIT,بجاية
172,0608,سوق لإثنين,"
 (034) 23 - 82 - 61

",SOUK EL TENINE,بجاية
173,0609,مسيسنة,"
 (034) 32 - 53 - 04

",M'CISNA,بجاية
174,0610,تينبدار,"
 (034) 28 - 84 - 85

",TINEBDAR,بجاية
175,0611,تيشي,"
 (030) 23 - 55 - 77

",TICHY,بجاية
176,0612,سمعون,"
 (034) 27 - 26 - 31

",SMAOUN,بجاية
177,0613,كنديرة,"
 (034) 37 - 61 - 01

",KENDIRA,بجاية
178,0614,تيفرة,"
 (034) 28 - 21 - 71

",TIFRA,بجاية
179,0615,إغرم,"
 (034) 34 - 71 - 94

",IGHRAM,بجاية
180,0616,أمالو,"
 (034) 34 - 11 - 04

",AMALOU,بجاية
181,0617,إغيل علي,"
 (034) 33 - 30 - 04

",IGHIL-ALI,بجاية
182,0618,فلاين الماثن,"
 (034) 29 - 82 - 08

",FENAIA IL MATEN,بجاية
183,0619,توجة,"
 (034) 23 - 11 - 47

",TOUDJA,بجاية
184,0620,درقينة,"
 (034) 25 - 81 - 06

",DARGHINA,بجاية
185,0621,سيدي عياد,"
 (034) 28 - 03 - 77

",SIDI AYAD,بجاية
186,0622,أوقاس,"
 (034) 37 - 31 - 31

",AOKAS,بجاية
187,0623,بني جليل,"
 (034) 27 - 02 - 16

",BENI DEJLLIL,بجاية
188,0624,أدكار,"
 (034) 28 - 32 - 12

",ADEKAR,بجاية
189,0625,أقبو,"
 (034) 35 - 90 - 21

",AKBOU,بجاية
190,0626,صدوق,"
 (034) 32 - 35 - 69

",SEDDOUK,بجاية
191,0627,تزمالت,"
 (034) 14 - 64 - 06

",TAZMALT,بجاية
192,0628,أيت رزين,"
 (034) 34 - 41 - 03

",AIT R'ZINE,بجاية
193,0629,شميني,"
 (034) 29 - 01 - 10

",CHEMINI,بجاية
194,0630,السوق أوفلا,"
 (034) 28 - 94 - 36

",SOUK OUFELLA,بجاية
195,0631,تاسكريوت,"
 (034) 38 - 61 - 38

",TASKRIOUT,بجاية
196,0632,طيبان,"
 (034) 28 - 61 - 12

",TIBANE,بجاية
197,0633,تالة حمزة,"
 (034) 23 - 43 - 42

",TALA HAMZA,بجاية
198,0634,برباشة,"
 (034) 25 - 61 - 30

",BARBACHA,بجاية
199,0635,بني كسيلة,"
 (034) 27 - 51 - 06

",BENI K'SILA,بجاية
200,0636,أوزلاقن,"
 (034) 35 - 10 - 70

",OUZELLAGUENE,بجاية
201,0637,بوحمزة,"
 (034) 32 - 61 - 02

",BOUHAMZA,بجاية
202,0638,بني مليكش,"
 (034) 31 - 01 - 10

",BENI-MALLIKECHE,بجاية
203,0639,سيدي عيش,"
 (034) 29 - 72 - 34

",SIDI-AICH,بجاية
204,0640,القصر,"
 (034) 25 - 44 - 21

",EL KSEUR,بجاية
205,0641,مالبو,"
 (034) 25 - 91 - 48

",MELBOU,بجاية
206,0642,أكفادو,"
 (034) 29 - 52 - 45

",AKFADOU,بجاية
207,0643,لفلاي,"
 (034) 29 - 72 - 34

",LEFLAYE,بجاية
208,0644,خراطة,"
 (034) 24 - 69 - 29

",KHERRATA,بجاية
209,0645,ذراع القايد,"
 (034) 38 - 52 - 53

",DRA EL CAID,بجاية
210,0646,تامريجت,"
 (034) 38 - 22 - 19

",TAMRIDJET,بجاية
211,0647,أيت إسماعيل,"
 (034) 38 - 32 - 59

",AIT-SMAIL,بجاية
212,0648,بوخليفة,"
 (034) 37 - 22 - 66

",BOUKHELIFA,بجاية
213,0649,تيزي نبربر,"
 (034) 37 - 31 - 31

",TIZI-N'BERBER,بجاية
214,0650,بني معوش,"
 (034) 32 - 03 - 20

",BENIMAOUCHE,بجاية
215,0651,وادي غير,"
 (034) 23 - 91 - 25

",OUED GHIR,بجاية
216,0652,بو جليل,"
 (034) 34 - 31 - 17

",BOUDJELLIL,بجاية
217,0701,بسكرة,"
 (033) 74 - 55 - 58

",BISKRA,بسكرة
218,0702,أوماش,"
 (033) 70 - 85 - 47

",OUMACHE,بسكرة
219,0703,البرانس,"
 (033) 72 - 75 - 00

",BRANIS,بسكرة
220,0704,شتمة,"
 (033) 50 - 14 - 37

",CHETMA,بسكرة
221,0711,سيدي عقبة,"
 (033) 60 - 51 - 20

",SIDI OKBA,بسكرة
222,0712,مشونش,"
 (033) 72 - 15 - 34

",M'CHOUNECHE,بسكرة
223,0713,الحوش,"
 (033) 60 - 41 - 52

",EL HAOUCH,بسكرة
224,0714,عين الناقة,"
 (033) 60 - 11 - 50

",AIN NAGA,بسكرة
225,0715,زريبة الوادي,"
 (033) 70 - 13 - 01

",ZERIBET EL OUED,بسكرة
226,0716,الفيض,"
 (033) 61 - 41 - 00

",EL FEIDH,بسكرة
227,0717,القنطرة,"
 (033) 79 - 21 - 09

",EL KANTARA,بسكرة
228,0718,عين زعطوط,"
 (033) 79 - 04 - 99

",AIN ZAATOUT,بسكرة
229,0719,الوطاية,"
 (033) 70 - 91 - 05

",EL OUTAYA,بسكرة
230,0720,جمورة,"
 (033) 70 - 41 - 01

",DJEMORAH,بسكرة
231,0721,طولقة,"
 (033) 78 - 80 - 42

",TOLGA,بسكرة
232,0722,لواء,"
 (033) 78 - 31 - 81

",LIOUA,بسكرة
233,0723,لشانة,"
 (033) 77 - 58 - 23

",LICHANA,بسكرة
234,0724,أورلال,"
 (033) 78 - 04 - 79

",OURLAL,بسكرة
235,0725,مليلي,"
 (033) 77 - 61 - 01

",M'LILI,بسكرة
236,0726,فوغالة,"
 (033) 77 - 02 - 89

",FOUGHALA,بسكرة
237,0727,برج بن عزوز,"
 (033) 77 - 21 - 74

",BORDJ BEN AZZOUZ,بسكرة
238,0728,المزيرعة,"
 (033) 60 - 01 - 05

",MEZIRAA,بسكرة
239,0729,بوشقرون,"
 (033) 78 - 31 - 32

",BOUCHAGROUN,بسكرة
240,0730,مخادمة,"
 (033) 78 - 91 - 31

",MEKHADMA,بسكرة
241,0731,الغروس,"
 (033) 78 - 25 - 70

",EL GHROUS,بسكرة
242,0732,الحاجب,"
 (033) 72 - 43 - 52

",EL HADJAB,بسكرة
243,0733,خنقة سيدي ناجي,"
 (033) 61 - 51 - 02

",KHENGUET SIDI NADJI,بسكرة
244,0801,بشار,"
 (049) 80 - 10 - 62

",BECHAR,بشار
245,0802,عرق فراج,"
 (049) 85 - 93 - 93

",ERG FERRADJ,بشار
246,0804,مريجة,"
 (049) 87 - 81 - 02

",MERIDJA,بشار
247,0806,الأحمر,"
 (049) 87 - 61 - 62

",LAHMAR,بشار
248,0809,مشروع هواري بومدين,"
 (049) 85 - 22 - 49

",MECHRAA  H.BOUMEDIENE,بشار
249,0810,قنادسة,"
 (049) 87 - 15 - 45

",KENADSA,بشار
250,0813,تاغيت,"
 (049) 25 - 33 - 75

",TAGHIT,بشار
251,0815,بوقايس,"
 (049) 87 - 91 - 67

",BOUKAIS,بشار
252,0816,موغل,"
 (049) 87 - 61 - 62

",MOGHEUL,بشار
253,0817,العبادل,"
 (049) 85 - 63 - 21

",ABADLA,بشار
254,0821,بني ونيف,"
 (049) 84 - 22 - 87

",BENI OUNIF,بشار
255,0901,البليدة,"
 (025) 39 - 33 - 42

",BLIDA,البليدة
256,0902,الشبلي,"
 (025) 39 - 49 - 62

",CHEBLI,البليدة
257,0903,بوعينان,"
 (025) 39 - 48 - 92

",BOUINAN,البليدة
258,0904,وادي العلايق,"
 (025) 42 - 11 - 26

",OUED EL ALLEUG,البليدة
259,0905,أولاد يعيش,"
 (025) 43 - 73 - 92

",OULED YAICH,البليدة
260,0906,الشريعة,"
 (025) 44 - 01 - 72

",CHREA,البليدة
261,0907,العفرون,"
 (025) 38 - 78 - 34

",EL-AFFROUN,البليدة
262,0908,الشفة,"
 (025) 40 - 90 - 44

",CHIFFA,البليدة
263,0909,حمام ملوان,"
 (025) 46 - 12 - 01

",HAMMAM MELOUANE,البليدة
264,0910,بن خليل,"
 (025) 47 - 01 - 16

",BENKHELIL,البليدة
265,0911,الصومعة,"
 (025) 48 - 91 - 68

",SOUMA,البليدة
266,0912,موزاية,"
 (025) 44 - 61 - 69

",MOUZAIA,البليدة
267,0913,سوحان,"
 (025) 45 - 91 - 67

",SOUHANE,البليدة
268,0914,مفتاح,"
 (025) 45 - 55 - 23

",MEFTAH,البليدة
269,0915,اولاد سلامة,"
 (025) 46 - 35 - 73

",OULED SLAMA,البليدة
270,0916,بوفاريك,"
 (025) 47 - 19 - 01

",BOUFARIK,البليدة
271,0917,الأربعاء,"
 (025) 46 - 60 - 40

",LARBAA,البليدة
272,0918,وادي جر,"
 (025) 38 - 02 - 95

",OUED  DJER,البليدة
273,0919,بني تامو,"
 (025) 42 - 85 - 11

",BENI-TAMOU,البليدة
274,0920,بوعرفة,"
 (025) 41 - 99 - 53

",BOUARFA,البليدة
275,0921,بني مراد,"
 (025) 42 - 50 - 59

",BENI MERED,البليدة
276,0922,بوقرة,"
 (025) 25 - 36 - 01

",BOUGARA,البليدة
277,0923,قرواو,"
 (025) 49 - 05 - 63

",GUERROUAOU,البليدة
278,0924,عين الرمانة,"
 (025) 38 - 13 - 07

",AIN ROMANA,البليدة
279,0925,جبابرة,"
 (025) 45 - 02 - 53

",DJEBABRA,البليدة
280,1001,البويرة,"
 (026) 94 - 29 - 62

",BOUIRA,البويرة
281,1002,الأسنام,"
 (026) 91 - 03 - 95

",EL ASNAM,البويرة
282,1003,قرومة,"
 (026) 71 - 10 - 35

",GUERROUMA,البويرة
283,1004,سوق الخميس,"
 (026) 98 - 34 - 40

",SOUK EL KHEMIS,البويرة
284,1005,القادرية,"
 (026) 90 - 04 - 14

",KADIRIA,البويرة
285,1006,حنيف,"
 (026) 85 - 32 - 66

",HANIF,البويرة
286,1007,ديرة,"
 (026) 96 - 03 - 44

",DIRAH,البويرة
287,1008,أيت لعزيز,"
 (026) 92 - 33 - 14

",AIT LAAZIZ,البويرة
288,1009,تاغزوت,"
 (026) 92 - 65 - 15

",TAGHZOUT,البويرة
289,1010,روراوة,"
 (026) 98 - 44 - 47

",RAOURAOUA,البويرة
290,1011,مزدور,"
 (026) 80 - 23 - 24

",MEZDOUR,البويرة
291,1012,الحيزر,"
 (026) 94 - 01 - 29

",HAIZER,البويرة
292,1013,الأخضرية,"
 (029) 90 - 49 - 00

",LAKHDARIA,البويرة
293,1014,معلة,"
 (026) 89 - 72 - 42

",MAALA,البويرة
294,1015,الهاشمية,"
 (026) 98 - 14 - 01

",EL HACHIMIA,البويرة
295,1016,أعمر,"
 (026) 90 - 81 - 47

",AOMAR,البويرة
296,1017,الشرفاء,"
 (026) 79 - 91 - 58

",CHORFA,البويرة
297,1018,برج أوخريص,"
 (026) 96 - 13 - 37

",BORDJ OKHRISS,البويرة
298,1019,العجيبة,"
 (026) 85 - 52 - 80

",EL ADJIBA,البويرة
299,1020,الحاكمية,"
 (026) 86 - 51 - 90

",EL-HAKIMIA,البويرة
300,1021,الخبوزية,"
 (026) 98 - 75 - 39

",EL KHABOUZIA,البويرة
301,1022,أهل القصر,"
 (026) 92 - 01 - 03

",AHL EL KSAR,البويرة
302,1023,بودربالة,"
 (026) 90 - 54 - 86

",BOUDERBALA,البويرة
303,1024,زبربر,"
 (026) 89 - 92 - 23

",Z'BARBAR,البويرة
304,1025,عين الحجر,"
 (026) 92 - 55 - 86

",AIN EL HADJAR,البويرة
305,1026,جباحية,"
 (026) 91 - 16 - 24

",DJEBAHIA,البويرة
306,1027,أغبالو,"
 (026) 79 - 69 - 28

",AGHBALOU,البويرة
307,1028,تاقديت,"
 (026) 80 - 32 - 64

",TAGUEDITE,البويرة
308,1029,عين الترك,"
 (026) 83 - 21 - 28

",AIN TURK,البويرة
309,1030,الصهايج,"
 (026) 85 - 01 - 50

",SAHARIDJ,البويرة
310,1031,الدشمية,"
 (026) 86 - 03 - 18

",DECHMIA,البويرة
311,1032,ريدان,"
 (026) 86 - 31 - 35

",RIDANE,البويرة
312,1033,بشلول,"
 (026) 94 - 54 - 91

",BECHLOUL,البويرة
313,1034,بوكرم,"
 (026) 89 - 02 - 25

",BOUKRAM,البويرة
314,1035,عين بسام,"
 (026) 97 - 61 - 76

",AIN-BESSEM,البويرة
315,1036,بئر غبالو,"
 (026) 97 - 01 - 78

",BIR GHBALOU,البويرة
316,1037,مشد الله,"
 (026) 95 - 48 - 73

",M CHEDALLAH,البويرة
317,1038,سور الغزلان,"
 (026) 86 - 22 - 69

",SOUR EL GHOZLANE,البويرة
318,1039,المعمورة,"
 (026) 86 - 22 - 69

",MAMORA,البويرة
319,1040,أولاد راشد,"
 (026) 91 - 52 - 21

",OULED RACHED,البويرة
320,1041,عين العلوي,"
 (026) 98 - 65 - 67

",AIN LALOUI,البويرة
321,1042,الحجرة الزرقاء,"
 (026) 80 - 52 - 66

",HADJERA ZERGA,البويرة
322,1043,تاوريرت,"
 (026) 95 - 83 - 32

",TAOURIRT,البويرة
323,1044,المقراني,"
 (026) 98 - 92 - 35

",EL-MOKRANI,البويرة
324,1045,وادي البردي,"
 (026) 91 - 31 - 10

",OUED EL BERDI,البويرة
325,1101,تامنغست,"
 (029) 31 - 29 - 99

",TAMANRASSET,تمنراست
326,1102,آبلسّا,"
 (029) 34 - 40 - 90

",ABALESSA,تمنراست
327,1105,أدلس,"
 (029) 35 - 44 - 93

",IDLES,تمنراست
328,1106,تازروك,"
 (029) 35 - 24 - 49

",TAZROUK,تمنراست
329,1109,عين امقل,"
 (029) 36 - 13 - 27

",AIN AMGUEL,تمنراست
330,1201,تبسة,"
 (037) 48 - 58 - 09

",TEBESSA,تبسة
331,1202,بئر العاتر,"
 (037) 64 - 92 - 00

",BIR-EL-ATER,تبسة
332,1203,الشريعة,"
 (037) 42 - 20 - 63

",CHERIA,تبسة
333,1204,سطح قنطيس,"
 (037) 48 - 17 - 52

",STAH GUENTIS,تبسة
334,1205,العوينات,"
 (037) 45 - 37 - 62

",EL-AOUINET,تبسة
335,1206,الحويجبات,"
 (037) 40 - 01 - 87

",EL-HOUIDJBET,تبسة
336,1207,صفصاف الوسرة,"
 (037) 44 - 42 - 08

",SAF SAF EL OUESRA,تبسة
337,1208,الحمامات,"
 (037) 40 - 10 - 35

",HAMMAMET,تبسة
338,1209,نقرين,"
 (037) 44 - 23 - 48

",NEGRINE,تبسة
339,1210,بئر المقدم,"
 (037) 42 - 83 - 80

",BIR MOKKADEM,تبسة
340,1211,الكويف,"
 (037) 40 - 34 - 37

",EL KOUIF,تبسة
341,1212,مرسط,"
 (037) 40 - 75 - 34

",MORSSOT,تبسة
342,1213,العقلة,"
 (037) 42 - 04 - 87

",EL OGLA,تبسة
343,1214,بئر الذهب,"
 (037) 41 - 21 - 99

",BIR DHEHEB,تبسة
344,1215,العقلة المالحة,"
 (037) 48 - 22 - 55

",EL OGLA EL MALHA,تبسة
345,1216,قوريقر,"
 (037) 43 - 01 - 44

",GUORRIGUER,تبسة
346,1217,بكارية,"
 (037) 40 - 84 - 45

",BEKKARIA,تبسة
347,1218,بوخضرة,"
 (037) 45 - 71 - 06

",BOUKHADRA,تبسة
348,1219,الونزة,"
 (037) 67 - 80 - 10

",OUENZA,تبسة
349,1220,الماء الابيض,"
 (037) 40 - 52 - 10

",EL MALABIOD,تبسة
350,1221,أم علي,"
 (037) 44 - 01 - 47

",OUM ALI,تبسة
351,1222,ثليجان,"
 (037) 42 - 72 - 03

",TELIDJEN,تبسة
352,1223,عين الزرقاء,"
 (037) 46 - 34 - 12

",AIN ZERGA,تبسة
353,1224,المريج,"
 (037) 45 - 01 - 45

",EL MERIDJ,تبسة
354,1225,بولحاف الدين,"
 (037) 41 - 81 - 34

",BOULHAF DYR,تبسة
355,1226,بجن,"
 (037) 43 - 21 - 86

",BEDJENE,تبسة
356,1227,المزرعة,"
 (037) 43 - 51 - 80

",EL MEZERAA,تبسة
357,1228,فركان,"
 (037) 44 - 11 - 33

",FERKANE,تبسة
358,1301,تلمسان,"
 (043) 20 - 26 - 82

",TLEMCEN,تلمسان
359,1302,بني مستر,"
 (043) 28 - 06 - 67

",BENI MESTER,تلمسان
360,1303,عين تالوت,"
 (043) 28 - 44 - 96

",AIN TALLOUT,تلمسان
361,1304,الرمشي,"
 (043) 24 - 01 - 71

",REMCHI,تلمسان
362,1305,الفحول,"
 (043) 23 - 12 - 12

",EL FEHOUL,تلمسان
363,1306,صبرة,"
 (043) 33 - 20 - 20

",SABRA,تلمسان
364,1307,الغزوات,"
 (043) 46 - 70 - 20

",GHAZAOUET,تلمسان
365,1308,السواني,"
 (043) 30 - 81 - 01

",SOUANI,تلمسان
366,1309,جبالة,"
 (043) 35 - 21 - 06

",DJEBALA,تلمسان
367,1310,القور,"
 (043) 37 - 91 - 80

",EL GOR,تلمسان
368,1311,وادي الشولي,"
 غير متاح

",OUED CHOULY,تلمسان
369,1312,عين فزة,"
 (043) 28 - 16 - 40

",AIN FEZZA,تلمسان
370,1313,أولاد ميمون,"
 (043) 36 - 14 - 02

",OULED MIMOUN,تلمسان
371,1314,عمير,"
 (043) 25 - 72 - 62

",AMIEUR,تلمسان
372,1315,عين يوسف,"
 (043) 24 - 11 - 07

",AIN YOUCEF,تلمسان
373,1316,زناتة,"
 (043) 24 - 64 - 09

",ZENATA,تلمسان
374,1317,بني سنوس,"
 (043) 34 - 03 - 01

",BENI SNOUS,تلمسان
375,1318,باب العسة,"
 (043) 31 - 11 - 92

",BAB EL ASSA,تلمسان
376,1319,دار يغمراسن,"
 (043) 46 - 36 - 79

",DAR YAGHMOURACENE,تلمسان
377,1320,فلاوسن,"
 (043) 25 - 65 - 23

",FELLAOUCENE,تلمسان
378,1321,العزايل,"
 (043) 37 - 61 - 07

",AZAILS,تلمسان
379,1322,السبعة شيوخ,"
 (043) 23 - 31 - 44

",SEBBAA CHIOUKH,تلمسان
380,1323,تيرني بني هديل,"
 (043) 37 - 51 - 12

",TERNY BENI HEDIEL,تلمسان
381,1324,إبن سكران,"
 (043) 38 - 70 - 78

",BENSEKRANE,تلمسان
382,1325,عين نحالة,"
 (043) 22 - 41 - 97

",AIN NEHALA,تلمسان
383,1326,الحناية,"
 (043) 27 - 90 - 99

",HENNAYA,تلمسان
384,1327,مغنية,"
 (043) 39 - 81 - 92

",MAGHNIA,تلمسان
385,1328,حمام بوغرارة,"
 (043) 30 - 14 - 17

",HAMMAM BOUGHRARA,تلمسان
386,1329,السواحلية,"
 (043) 47 - 90 - 47

",SOUAHLIA,تلمسان
387,1330,مسيردة الفواقة,"
 (043) 39 - 31 - 52

",MSIRDA FOUAGA,تلمسان
388,1331,عين فتاح,"
 (043) 33 - 82 - 07

",AIN FETTAH,تلمسان
389,1332,العريشة,"
 (043) 37 - 03 - 66

",EL ARICHA,تلمسان
390,1333,سوق الثلاثاء,"
 (043) 39 - 41 - 31

",SOUK TLETA,تلمسان
391,1334,سيدي عبد اللي,"
 (043) 25 - 51 - 69

",SIDI ABDELLI,تلمسان
392,1335,سبدو,"
 (043) 34 - 58 - 35

",SEBDOU,تلمسان
393,1336,بني وارسوس,"
 (043) 23 - 07 - 63

",BENI OUARSOUS,تلمسان
394,1337,سيدي مجاهد,"
 (043) 33 - 33 - 35

",SIDI MEDJAHED,تلمسان
395,1338,بني بوسعيد,"
 (043) 30 - 01 - 59

",BENI BOUSSAID,تلمسان
396,1339,مرسى بن مهيدي,"
 (043) 31 - 02 - 01

",MARSA BEN M'HIDI,تلمسان
397,1340,ندرومة,"
 (043) 35 - 77 - 76

",NEDROMA,تلمسان
398,1341,سيدي الجيلالي,"
 (043) 34 - 23 - 51

",SIDI DJILALI,تلمسان
399,1342,بني بهدل,"
 (043) 37 - 21 - 43

",BENI BAHDEL,تلمسان
400,1343,البويهي,"
 (043) 37 - 31 - 02

",BOUIHI,تلمسان
401,1344,حنين,"
 (043) 23 - 82 - 03

",HONAINE,تلمسان
402,1345,تيانت,"
 (043) 47 - 36 - 02

",TIANET,تلمسان
403,1346,أولاد رياح,"
 (043) 24 - 41 - 06

",OULED RIYAH,تلمسان
404,1347,بوحلو,"
 (043) 33 - 64 - 12

",BOUHLOU,تلمسان
405,1348,بني راشد,"
 غير متاح

",BENI KHALED,تلمسان
406,1349,عين الغرابة,"
 (043) 37 - 81 - 02

",AIN GHORABA,تلمسان
407,1350,شتوان,"
 (043) 40 - 65 - 82

",CHETOUANE,تلمسان
408,1351,منصورة,"
 (043) 21 - 41 - 10

",MANSOURAH,تلمسان
409,1352,بني صميل,"
 غير متاح

",BENI SMIEL,تلمسان
410,1353,العين الكبيرة,"
 (043) 35 - 01 - 18

",AIN KEBIRA,تلمسان
411,1401,تيارت,"
 (046) 41 - 56 - 68

",TIARET,تيارت
412,1402,مدروسة,"
 (046) 40 - 52 - 13

",MEDROUSSA,تيارت
413,1403,عين بوشقيق,"
 (046) 44 - 08 - 98

",AIN BOUCHEKIF,تيارت
414,1404,سيدي علي ملال,"
 (046) 44 - 51 - 12

",SIDI ALI MELLAL,تيارت
415,1405,عين زاريت,"
 (046) 38 - 01 - 38

",AIN ZARIT,تيارت
416,1406,عين الذهب,"
 (046) 43 - 10 - 24

",AIN DEHEB,تيارت
417,1407,سيدي بختي,"
 (046) 39 - 52 - 64

",SIDI BAKHTI,تيارت
418,1408,مديرسة,"
 (046) 40 - 22 - 23

",MEDRISSA,تيارت
419,1409,زاملة  الأمير عبد القادر,"
 (046) 46 - 63 - 67

",ZMALET EL EMIR ABDELKADE,تيارت
420,1410,مادنة,"
 (046) 39 - 61 - 03

",MADNA,تيارت
421,1411,السبت,"
 (046) 34 - 81 - 23

",SEBT,تيارت
422,1412,كلاكو,"
 (046) 42 - 01 - 48

",MELLAKOU,تيارت
423,1413,دحموني,"
 (046) 44 - 60 - 12

",DAHMOUNI,تيارت
424,1414,رحوية,"
 (046) 44 - 85 - 43

",RAHOUIA,تيارت
425,1415,مهدية,"
 (046) 46 - 38 - 52

",MAHDIA,تيارت
426,1416,السوقر,"
 (046) 43 - 74 - 79

",SOUGUEUR,تيارت
427,1417,سي عبد الغني,"
 (046) 33 - 01 - 04

",SI ABDELGHANI,تيارت
428,1418,عين الحديد,"
 (046) 39 - 02 - 27

",AIN EL HADID,تيارت
429,1419,جبيلة الرصفاء,"
 (046) 39 - 31 - 92

",DJEBILET ROSFA,تيارت
430,1420,النعيمة,"
 (046) 33 - 41 - 53

",NAIMA,تيارت
431,1421,مغيلة,"
 (046) 34 - 41 - 80

",MEGHILA,تيارت
432,1422,قرطوفة,"
 (046) 45 - 72 - 27

",GUERTOUFA,تيارت
433,1423,سيدي الحسني,"
 (046) 34 - 52 - 77

",SIDI HOSNI,تيارت
434,1424,جيلالي بن عمار,"
 (046) 44 - 13 - 72

",DJILLALI BEN AMAR,تيارت
435,1425,سبعين,"
 (046) 37 - 52 - 26

",SEBAINE,تيارت
436,1426,توسنينة,"
 (046) 33 - 11 - 33

",TOUSNINA,تيارت
437,1427,فرندة,"
 (046) 40 - 61 - 77

",FRENDA,تيارت
438,1428,عين كرمس,"
 (046) 40 - 09 - 02

",AIN KERMES,تيارت
439,1429,قصر الشلالة,"
 (046) 46 - 81 - 42

",KSAR CHELLALA,تيارت
440,1430,الرشايقة,"
 (046) 46 - 02 - 71

",RECHAIGA,تيارت
441,1431,الناظورة,"
 (046) 37 - 61 - 08

",NADORAH,تيارت
442,1432,تاقدمت,"
 (046) 45 - 81 - 08

",TAGDEMT,تيارت
443,1433,وادي ليلي,"
 (046) 44 - 44 - 44

",OUED LILLI,تيارت
444,1434,مشرع الصفا,"
 (046) 44 - 72 - 99

",MECHRAA SAFA,تيارت
445,1435,الحمادية,"
 (046) 46 - 51 - 18

",HAMADIA,تيارت
446,1436,شحيمة,"
 (046) 39 - 81 - 38

",CHEHAIMA,تيارت
447,1437,تخمرت,"
 (046) 40 - 31 - 28

",TAKHEMARET,تيارت
448,1438,سيدي عبد الرحمن,"
 (046) 39 - 21 - 37

",SIDI ABDERRAHMANE,تيارت
449,1439,سرغين,"
 (046) 36 - 01 - 01

",SERGHINE,تيارت
450,1440,بوقرة,"
 غير متاح

",BOUGARA,تيارت
451,1441,الفايجة,"
 (046) 33 - 51 - 08

",FAIDJA,تيارت
452,1442,تيدة,"
 (046) 44 - 31 - 08

",TIDDA,تيارت
453,1501,تيزي وزو,"
 غير متاح

",TIZI-OUZOU,تيزي وزو
454,1502,عين الحمام,"
 غير متاح

",AIN-EL-HAMMAM,تيزي وزو
455,1503,اقبيل,"
 غير متاح

",AKBIL,تيزي وزو
456,1504,فريحة,"
 غير متاح

",FREHA,تيزي وزو
457,1505,الصوامع,"
 غير متاح

",SOUAMAA,تيزي وزو
458,1506,مشطراس,"
 غير متاح

",MECHTRAS,تيزي وزو
459,1507,ارجن,"
 غير متاح

",IRDJEN,تيزي وزو
460,1508,تيميزارت,"
 غير متاح

",TIMIZART,تيزي وزو
461,1509,ماكودة,"
 غير متاح

",MAKOUDA,تيزي وزو
462,1510,ذراع الميزان,"
 غير متاح

",DRAA EL MIZAN,تيزي وزو
463,1511,تيزي غنيف,"
 غير متاح

",TIZI-GHENIF,تيزي وزو
464,1512,بونوح,"
 غير متاح

",BOUNOUH,تيزي وزو
465,1513,أيت شفعة,"
 غير متاح

",AIT-CHAFAA,تيزي وزو
466,1514,فريقات,"
 غير متاح

",FRIKAT,تيزي وزو
467,1515,بني عيسي,"
 غير متاح

",BENI AISSI,تيزي وزو
468,1516,بني زمنزر,"
 غير متاح

",BENI ZMENZER,تيزي وزو
469,1517,ايفرحونن,"
 غير متاح

",IFERHOUNENE,تيزي وزو
470,1518,عزازقة,"
 غير متاح

",AZAZGA,تيزي وزو
471,1519,ايلولة امالو,"
 غير متاح

",ILLOULA OUMALOU,تيزي وزو
472,1520,يعكورن,"
 غير متاح

",YAKOURENE,تيزي وزو
473,1521,الاربعاء نايث ايراثن,"
 غير متاح

",LARBA NATH IRATHEN,تيزي وزو
474,1522,تيزي راشد,"
 غير متاح

",TIZI-RACHED,تيزي وزو
475,1523,زكري,"
 غير متاح

",ZEKRI,تيزي وزو
476,1524,واقنون,"
 غير متاح

",OUAGUENOUNE,تيزي وزو
477,1525,عين الزاوية,"
 غير متاح

",AIN-ZAOUIA,تيزي وزو
478,1526,مكيرة,"
 غير متاح

",M'KIRA,تيزي وزو
479,1527,أيت يحي,"
 غير متاح

",AIT-YAHIA,تيزي وزو
480,1528,أيت محمود,"
 غير متاح

",AIT-MAHMOUD,تيزي وزو
481,1529,المعاتقة,"
 غير متاح

",MAATKAS,تيزي وزو
482,1530,أيت بومهدي,"
 غير متاح

",AIT BOUMEHDI,تيزي وزو
483,1531,أبي يوسف,"
 غير متاح

",ABI YOUCEF,تيزي وزو
484,1532,بني دوالة,"
 غير متاح

",BENI-DOUALA,تيزي وزو
485,1533,اليلتين,"
 غير متاح

",ILLILTEN,تيزي وزو
486,1534,بوزغن,"
 غير متاح

",BOUZEGUENE,تيزي وزو
487,1535,أيت قواشة,"
 غير متاح

",AIT AGGOUACHA,تيزي وزو
488,1536,واضية,"
 غير متاح

",OUADHIAS,تيزي وزو
489,1537,أزفون,"
 غير متاح

",AZEFFOUN,تيزي وزو
490,1538,تقيزريت,"
 غير متاح

",TIGZIRT,تيزي وزو
491,1539,جبل عيسى ميمون,"
 غير متاح

",DJEBEL AISSA MIMOUN,تيزي وزو
492,1540,بوغني,"
 غير متاح

",BOGHNI,تيزي وزو
493,1541,إيفيغاء,"
 غير متاح

",IFIGHA,تيزي وزو
494,1542,أيت  أومالو,"
 غير متاح

",AIT OUMALOU,تيزي وزو
495,1543,تيرمتين,"
 غير متاح

",TIRMITINE,تيزي وزو
496,1544,أقرو,"
 غير متاح

",AKERROU,تيزي وزو
497,1545,ياطفان,"
 (026) 39 - 11 - 38

",YATAFENE,تيزي وزو
498,1546,بني زيكي,"
 غير متاح

",BENI-ZIKKI,تيزي وزو
499,1547,ذراع بن خدة,"
 غير متاح

",DRAA-BEN-KHEDDA,تيزي وزو
500,1548,واسيف,"
 (026) 33 - 01 - 27

",OUACIF,تيزي وزو
501,1549,إجر,"
 غير متاح

",IDJEUR,تيزي وزو
502,1550,مقلة,"
 غير متاح

",MEKLA,تيزي وزو
503,1551,تيزي نثلاثة,"
 غير متاح

",TIZI N'TLETA,تيزي وزو
504,1552,بني يني,"
 غير متاح

",BENI YENNI,تيزي وزو
505,1553,أغريب,"
 غير متاح

",AGHRIBS,تيزي وزو
506,1554,أفليسن,"
 غير متاح

",IFLISSEN,تيزي وزو
507,1555,بوجيمة,"
 غير متاح

",BOUDJIMA,تيزي وزو
508,1556,أيت يحيى,"
 غير متاح

",AIT YAHIA MOUSSA,تيزي وزو
509,1557,سوق الاثنين,"
 غير متاح

",SOUK-EL-THENINE,تيزي وزو
510,1558,أيت خليلي,"
 غير متاح

",AIT KHELLILI,تيزي وزو
511,1559,سيدي نعمان,"
 غير متاح

",SIDI NAAMANE,تيزي وزو
512,1560,أبودرارن,"
 غير متاح

",IBOUDRARENE,تيزي وزو
513,1561,أقني قغران,"
 غير متاح

",AGOUNI-GUEGHRANE,تيزي وزو
514,1562,مزرانة,"
 غير متاح

",MIZRANA,تيزي وزو
515,1563,أمسوحال,"
 غير متاح

",IMSOUHAL,تيزي وزو
516,1564,تادمايت,"
 غير متاح

",TADMAIT,تيزي وزو
517,1565,أيت بوعدو,"
 غير متاح

",AIT BOUADDOU,تيزي وزو
518,1566,أسي يوسف,"
 غير متاح

",ASSI YOUCEF,تيزي وزو
519,1567,أيت تودرت,"
 غير متاح

",AIT TOUDERT,تيزي وزو
520,1601,الجزائر,"
 غير متاح

",ALGER CENTRE,الجزائر
521,1602,سيدي امحمد,"
 (035) 48 - 21 - 34

",SIDI M'HAMED,الجزائر
522,1603,المدنية,"
 غير متاح

",EL MADANIA,الجزائر
523,1604,محمد بلوزداد,"
 غير متاح

",MOHAMED BELOUZDAD,الجزائر
524,1605,باب الوادي,"
 (021) 96 - 74 - 70

",BAB EL OUED,الجزائر
525,1606,بولوغين بن زيري,"
 غير متاح

",BOLOGHINE IBNOU ZIRI,الجزائر
526,1607,القصبة,"
 غير متاح

",CASBAH,الجزائر
527,1608,وادي قريش,"
 غير متاح

",OUED KORICHE,الجزائر
528,1609,بئر مراد رايس,"
 غير متاح

",BIR MOURAD RAIS,الجزائر
529,1610,الابيار,"
 غير متاح

",EL BIAR,الجزائر
530,1611,بوزريعة,"
 غير متاح

",BOUZAREAH,الجزائر
531,1612,بئر خادم,"
 غير متاح

",BIRKHADEM,الجزائر
532,1613,الحراش,"
 غير متاح

",EL HARRACH,الجزائر
533,1614,براقي,"
 غير متاح

",BARAKI,الجزائر
534,1615,وادي السمار,"
 غير متاح

",OUED SMAR,الجزائر
535,1616,بوروبة,"
 غير متاح

",BOUROUBA,الجزائر
536,1617,حسين داي,"
 غير متاح

",HUSSEIN DEY,الجزائر
537,1618,القبة,"
 غير متاح

",KOUBA,الجزائر
538,1619,باش جراح,"
 غير متاح

",BACHEDJERAH,الجزائر
539,1620,الدار البيضاء,"
 غير متاح

",DAR EL BEIDA,الجزائر
540,1621,باب الزوار,"
 غير متاح

",BAB EZZOUAR,الجزائر
541,1622,ابن عكنون,"
 غير متاح

",BEN AKNOUN,الجزائر
542,1623,دالي ابراهيم,"
 غير متاح

",DELY IBRAHIM,الجزائر
543,1624,الحمامات,"
 غير متاح

",BAINS ROMAINS,الجزائر
544,1625,الرايس حميدو,"
 غير متاح

",RAIS HAMIDOU,الجزائر
545,1626,جسر قسنطينة,"
 غير متاح

",DJASR KASENTINA,الجزائر
546,1627,المرادية,"
 غير متاح

",EL MOURADIA,الجزائر
547,1628,حيدرة,"
 غير متاح

",HYDRA,الجزائر
548,1629,المحمدية,"
 غير متاح

",MOHAMMADIA,الجزائر
549,1630,برج الكيفان,"
 (021) 20 - 50 - 26

",BORDJ EL KIFFAN,الجزائر
550,1631,المغارية,"
 غير متاح

",EL MAGHARIA,الجزائر
551,1632,بني مسوس,"
 غير متاح

",BENI MESSOUS,الجزائر
552,1633,الكاليتوس,"
 غير متاح

",LES EUCALYPTUS,الجزائر
553,1634,تسالة المرجة,"
 غير متاح

",TESSALA EL MERDJA,الجزائر
554,1635,اولاد شبل,"
 غير متاح

",OULED CHEBEL,الجزائر
555,1636,بئر توتة,"
 غير متاح

",BIR TOUTA,الجزائر
556,1637,سيدي موسى,"
 (021) 76 - 08 - 25

",SIDI MOUSSA,الجزائر
557,1638,الرويبة,"
 غير متاح

",ROUIBA,الجزائر
558,1639,هراوة,"
 غير متاح

",HERRAOUA,الجزائر
559,1640,رغاية,"
 غير متاح

",REGHAIA,الجزائر
560,1641,عين طاية,"
 غير متاح

",AIN TAYA,الجزائر
561,1642,برج البحري,"
 غير متاح

",BORDJ EL BAHRI,الجزائر
562,1643,المرسى,"
 غير متاح

",EL MERSSA,الجزائر
563,1644,زرالدة,"
 غير متاح

",ZERALDA,الجزائر
564,1645,السحاولة,"
 غير متاح

",SEHAOULA,الجزائر
565,1646,المعالمة,"
 غير متاح

",MAALMA,الجزائر
566,1647,بابا حسن,"
 غير متاح

",BABA HESEN,الجزائر
567,1648,الدويرة,"
 (021) 41 - 72 - 00

",DOUIRA,الجزائر
568,1649,الدرارية,"
 غير متاح

",DRARIA,الجزائر
569,1650,الرحمانية,"
 غير متاح

",RAHMANIA,الجزائر
570,1651,اولاد فايت,"
 غير متاح

",OULED FAYET,الجزائر
571,1652,الشراقة,"
 غير متاح

",CHERAGA,الجزائر
572,1653,سطاوالي,"
 غير متاح

",SETAOUALI,الجزائر
573,1654,العاشور,"
 غير متاح

",EL ACHOUR,الجزائر
574,1655,سويدانية,"
 غير متاح

",SOUIDANIA,الجزائر
575,1656,الخرايسية,"
 غير متاح

",KHERAISIA,الجزائر
576,1657,عين بنيان,"
 غير متاح

",AIN BENIAN,الجزائر
577,1701,الجلفة,"
 (027) 87 - 56 - 60

",DJELFA,الجلفة
578,1702,مجبرة,"
 (027) 88 - 01 - 06

",MOUDJEBARA,الجلفة
579,1703,القديد,"
 (027) 84 - 62 - 79

",EL GUEDID,الجلفة
580,1704,حاسي بحبح,"
 (027) 86 - 40 - 12

",HASSI BAHBAH,الجلفة
581,1705,عين معبد,"
 (027) 86 - 63 - 80

",AIN MAABED,الجلفة
582,1706,سد الرحال,"
 (027) 85 - 22 - 31

",SED RAHAL,الجلفة
583,1707,فيض البطمة,"
 (027) 81 - 52 - 85

",FAIDH EL BOTMA,الجلفة
584,1708,بيرين,"
 (027) 82 - 02 - 04

",BIRINE,الجلفة
585,1709,بويرة الأحدب,"
 (027) 81 - 82 - 51

",BOUIRA LAHDAB,الجلفة
586,1710,زكار,"
 (027) 88 - 61 - 72

",ZACCAR,الجلفة
587,1711,الخميس,"
 (027) 83 - 03 - 52

",EL KHEMIS,الجلفة
588,1712,سيدي بايزيد,"
 (027) 89 - 61 - 80

",SIDI BAIZID,الجلفة
589,1713,مليليحة,"
 (027) 89 - 31 - 33

",M LILIHA,الجلفة
590,1714,الادريسية,"
 (027) 84 - 04 - 02

",EL IDRISSIA,الجلفة
591,1715,دويس,"
 (027) 84 - 81 - 04

",DOUIS,الجلفة
592,1716,حاسي العش,"
 (027) 86 - 63 - 80

",HASSI EL EUCH,الجلفة
593,1717,مسعد,"
 (027) 85 - 78 - 58

",MESSAAD,الجلفة
594,1718,القطارة,"
 (027) 95 - 71 - 04

",GUETTARA,الجلفة
595,1719,سيدي لعجل,"
 (027) 81 - 31 - 32

",SIDI LADJEL,الجلفة
596,1720,حد الصحاري,"
 (027) 81 - 12 - 12

",HAD SAHARY,الجلفة
597,1721,قرنيني,"
 (027) 83 - 21 - 16

",GUERNINI,الجلفة
598,1722,سلمانة,"
 (027) 83 - 51 - 02

",SELMANA,الجلفة
599,1723,عين الشهداء,"
 (027) 84 - 21 - 38

",AIN CHOUHADA,الجلفة
600,1724,أم العظام,"
 (027) 96 - 81 - 74

",OUM LAADHAM,الجلفة
601,1725,دار الشيوخ,"
 (027) 88 - 11 - 10

",DAR CHIOUKH,الجلفة
602,1726,الشارف,"
 (027) 84 - 33 - 53

",CHAREF,الجلفة
603,1727,بني يعقوب,"
 (027) 84 - 52 - 11

",BENYAGOUB,الجلفة
604,1728,زعفران,"
 (027) 86 - 51 - 53

",ZAAFRANE,الجلفة
605,1729,دلدول,"
 (027) 85 - 41 - 01

",DELDOUL,الجلفة
606,1730,عين الإبل,"
 (027) 88 - 32 - 63

",AIN EL IBEL,الجلفة
607,1731,عين وسارة,"
 (027) 82 - 59 - 28

",AIN OUSSERA,الجلفة
608,1732,بنهار,"
 (027) 83 - 32 - 12

",BENHAR,الجلفة
609,1733,حاسي فدول,"
 (027) 85 - 04 - 87

",HASSI FEDOUL,الجلفة
610,1734,عمورة,"
 (027) 83 - 61 - 05

",AMOURAH,الجلفة
611,1735,عين فكة,"
 (027) 81 - 02 - 50

",AIN FEKKA,الجلفة
612,1736,تاعظميت,"
 (027) 88 - 42 - 95

",TADMIT,الجلفة
613,1801,جيجل,"
 (034) 47 - 23 - 23

",JIJEL,جيجل
614,1802,أراقن,"
 (034) 51 - 81 - 80

",ERRAGUENE,جيجل
615,1803,العوانة,"
 (034) 47 - 07 - 81

",EL AOUANA,جيجل
616,1804,زيامة منصورية,"
 (034) 48 - 21 - 80

",ZIAMA MANSOURIA,جيجل
617,1805,الطاهير,"
 (034) 44 - 63 - 05

",TAHER,جيجل
618,1806,الامير عبد القادر,"
 (034) 44 - 11 - 66

",EMIR ABDELKADER,جيجل
619,1807,الشقفة,"
 (034) 45 - 33 - 99

",CHEKFA,جيجل
620,1808,الشحنة,"
 (034) 45 - 11 - 44

",CHAHNA,جيجل
621,1809,الميلية,"
 (034) 42 - 92 - 92

",EL MILIA,جيجل
622,1810,سيدي معروف,"
 (034) 43 - 06 - 34

",SIDI MAROUF,جيجل
623,1811,السطارة,"
 (034) 43 - 35 - 66

",SETTARA,جيجل
624,1812,العنصر,"
 (034) 43 - 23 - 68

",EL ANCER,جيجل
625,1813,سيدي عبد العزيز,"
 (034) 45 - 65 - 90

",SIDI ABDELAZIZ,جيجل
626,1814,قاوس,"
 (034) 49 - 43 - 15

",KOUAS,جيجل
627,1815,غبالة,"
 (034) 41 - 01 - 05

",GHEBALA,جيجل
628,1816,بوراوي بلهادف,"
 (034) 41 - 52 - 32

",BOURAOUI BELHADEF,جيجل
629,1817,جميلة,"
 (034) 49 - 02 - 06

",DJIMLA,جيجل
630,1818,سلمى بن زيادة,"
 (034) 51 - 61 - 20

",SELMA BENZIADA,جيجل
631,1819,بوسيف أولاد عسكري,"
 (034) 41 - 81 - 99

",BOUSSIF OULED ASKEUR,جيجل
632,1820,القنار نوشفي,"
 (034) 45 - 41 - 99

",EL KENNAR NOUCHFI,جيجل
633,1821,أولاد يحيى خدروش,"
 (034) 43 - 91 - 25

",OULED YAHIA KHADROUCH,جيجل
634,1822,بوذريعة بني ياجيس,"
 (034) 51 - 91 - 91

",BOUDRIA BENIYADJIS,جيجل
635,1823,خير وادي عجول,"
 (034) 41 - 91 - 08

",KHIRI OUED ADJOUL,جيجل
636,1824,تاكسنة,"
 (034) 49 - 11 - 33

",TEXENA,جيجل
637,1825,الجمعة بني حبيبي,"
 (034) 41 - 21 - 60

",DJEMAA BENI HABIBI,جيجل
638,1826,برج الطاهر,"
 (034) 45 - 92 - 99

",BORDJ TAHAR,جيجل
639,1827,أولاد رابح,"
 (034) 41 - 61 - 65

",OULED RABAH,جيجل
640,1828,وجانة,"
 (034) 45 - 02 - 03

",OUDJANA,جيجل
641,1901,سطيف,"
 (036) 51 - 25 - 66

",SETIF,سطيف
642,1902,العين الكبيرة,"
 (036) 89 - 42 - 83

",AIN EL KEBIRA,سطيف
643,1903,بني عزيز,"
 (036) 89 - 24 - 96

",BENI-AZIZ,سطيف
644,1904,أولاد سي أحمد,"
 (036) 97 - 71 - 86

",OULED SI AHMED,سطيف
645,1905,بوطالب,"
 (036) 75 - 31 - 75

",BOUTALEB,سطيف
646,1906,عين الروى,"
 (036) 80 - 87 - 53

",AIN-ROUA,سطيف
647,1907,ذراع القبيلة,"
 (036) 79 - 32 - 33

",DRAA-KEBILA,سطيف
648,1908,بئر العرش,"
 (036) 87 - 04 - 44

",BIR-EL-ARCH,سطيف
649,1909,بني شبانة,"
 (036) 98 - 82 - 16

",BENI CHEBANA,سطيف
650,1910,أولاد تبان,"
 (036) 96 - 51 - 80

",OULED TEBBEN,سطيف
651,1911,الحامة,"
 (036) 75 - 01 - 97

",HAMMA,سطيف
652,1912,معاوية,"
 (036) 90 - 02 - 31

",MAAOUIA,سطيف
653,1913,عين لقراج,"
 (036) 98 - 63 - 02

",AIN-LEGRADJ,سطيف
654,1914,عين عباسة,"
 (036) 94 - 17 - 63

",AIN ABESSA,سطيف
655,1915,الدهامشة,"
 (036) 90 - 15 - 80

",DEHAMCHA,سطيف
656,1916,بابور,"
 (036) 94 - 31 - 26

",BABOR,سطيف
657,1917,قجال,"
 (036) 74 - 00 - 49

",GUIDJEL,سطيف
658,1918,عين الحجر,"
 (036) 75 - 55 - 84

",AIN LAHDJAR,سطيف
659,1919,بوسلام,"
 (036) 98 - 52 - 30

",BOUSSELAM,سطيف
660,1920,العلمة,"
 (036) 86 - 22 - 40

",EL EULMA,سطيف
661,1921,جميلة,"
 (036) 94 - 52 - 45

",DJEMILA,سطيف
662,1922,بني ورتيلان,"
 (036) 98 - 32 - 24

",BENI-OUARTILANE,سطيف
663,1923,الرصفة,"
 (036) 97 - 81 - 80

",ROSFA,سطيف
664,1924,أولاد عدوان,"
 (036) 90 - 34 - 59

",OULED ADDOUANE,سطيف
665,1925,بلعة,"
 (036) 86 - 71 - 93

",BELLAA,سطيف
666,1926,عين أرنات,"
 (036) 73 - 21 - 90

",AIN ARNAT,سطيف
667,1927,عموشة,"
 (036) 89 - 04 - 26

",AMOUCHA,سطيف
668,1928,عين ولمان,"
 (036) 72 - 98 - 06

",AIN OULMANE,سطيف
669,1929,بيضاء برج,"
 (036) 95 - 75 - 05

",BEIDHA BORDJ,سطيف
670,1930,بوعنداس,"
 (036) 98 - 02 - 35

",BOUANDAS,سطيف
671,1931,بازر الصخرة,"
 (036) 85 - 31 - 17

",BAZER-SAKRA,سطيف
672,1932,حمام السخنة,"
 (036) 95 - 82 - 76

",HAMAM SOUKHNA,سطيف
673,1933,مزلوق,"
 (036) 93 - 43 - 25

",MEZLOUG,سطيف
674,1934,بئر حدادة,"
 (036) 75 - 22 - 24

",BIR HADDADA,سطيف
675,1935,سرج الغول,"
 (036) 90 - 91 - 35

",SERDJ-EL-GHOUL,سطيف
676,1936,حربيل,"
 (036) 79 - 22 - 25

",HARBIL,سطيف
677,1937,الوريسية,"
 (036) 94 - 61 - 76

",EL OURICIA,سطيف
678,1938,تيزي نبشار,"
 (036) 90 - 75 - 34

",TIZI N'BECHAR,سطيف
679,1939,صالح باي,"
 (036) 96 - 24 - 25

",SALAH BEY,سطيف
680,1940,عين أزال,"
 (036) 68 - 70 - 03

",AIN AZEL,سطيف
681,1941,قنزات,"
 (036) 80 - 92 - 01

",GUENZET,سطيف
682,1942,تالة إيفاسن,"
 (036) 78 - 02 - 35

",TALA-IFACENE,سطيف
683,1943,بوقاعة,"
 (036) 80 - 43 - 02

",BOUGAA,سطيف
684,1944,بني فودة,"
 (036) 85 - 03 - 87

",BENI FOUDA,سطيف
685,1945,تاشودة,"
 (036) 86 - 92 - 01

",TACHOUDA,سطيف
686,1946,بني موحلي,"
 (036) 98 - 72 - 33

",BENI-MOUHLI,سطيف
687,1947,أولاد صابر,"
 (036) 83 - 02 - 84

",OULED SABOR,سطيف
688,1948,قلال بوطالب,"
 (036) 97 - 01 - 19

",GUELLAL,سطيف
689,1949,عين السبت,"
 (036) 90 - 63 - 74

",AIN-SEBT,سطيف
690,1950,حمام قرقور,"
 (036) 80 - 61 - 27

",HAMMAM GUERGOUR,سطيف
691,1951,أيت نوال مزادة,"
 (036) 78 - 21 - 27

",AIT NAOUAL MEZADA,سطيف
692,1952,قصر الابطال,"
 (036) 96 - 31 - 20

",KSAR EL ABTAL,سطيف
693,1953,بني وسين,"
 (036) 79 - 52 - 73

",BENI OUSSINE,سطيف
694,1954,ايت تيزي,"
 (036) 78 - 31 - 99

",AIT-TIZI,سطيف
695,1955,ماوكلان,"
 (036) 80 - 74 - 00

",MAOUAKLANE,سطيف
696,1956,القتلة الزرقاء,"
 (036) 85 - 82 - 40

",GUELTA ZERKA,سطيف
697,1957,وادي البارد,"
 (036) 90 - 42 - 51

",OUED EL BARAD,سطيف
698,1958,الطاية,"
 (036) 85 - 61 - 51

",TAYA,سطيف
699,1959,الولجة,"
 (036) 85 - 22 - 21

",EL-OULDJA,سطيف
700,1960,النلعة,"
 (036) 86 - 01 - 49

",TELLA,سطيف
701,2001,سعيدة,"
 (048) 51 - 52 - 37

",SAIDA,سعيدة
702,2002,دوي ثابت,"
 (048) 45 - 50 - 02

",DOUI THABET,سعيدة
703,2003,عين الحجر,"
 (048) 50 - 33 - 91

",AIN EL HADJAR,سعيدة
704,2004,أولاد خالد,"
 (048) 52 - 04 - 94

",OULED KHALED,سعيدة
705,2005,مولاي العربي,"
 (048) 50 - 60 - 42

",MOULAY LARBI,سعيدة
706,2006,يوب,"
 (048) 50 - 04 - 40

",YOUB,سعيدة
707,2007,حنات,"
 (048) 45 - 31 - 04

",HOUNET,سعيدة
708,2008,سيدي عمار,"
 (048) 50 - 91 - 35

",SIDI AMAR,سعيدة
709,2009,سيدي بوبكر,"
 (048) 50 - 40 - 12

",SIDI BOUBEKEUR,سعيدة
710,2010,الحساسنة,"
 (048) 51 - 04 - 30

",EL HASSASNA,سعيدة
711,2011,المعمورة,"
 (048) 33 - 29 - 46

",MAAMORA,سعيدة
712,2012,سيدي احمد,"
 (048) 45 - 92 - 59

",SIDI AHMED,سعيدة
713,2013,عين السخونة,"
 (048) 49 - 10 - 99

",AIN SEKHOUNA,سعيدة
714,2014,أولاد إبراهيم,"
 (048) 50 - 73 - 89

",OULED BRAHIM,سعيدة
715,2015,تيرسين,"
 (048) 49 - 50 - 08

",TIRCINE,سعيدة
716,2016,عين السلطان,"
 (048) 46 - 01 - 32

",AIN SOLTANE,سعيدة
717,2101,سكيكدة,"
 (038) 75 - 38 - 11

",SKIKDA,سكيكدة
718,2102,عين زويت,"
 (038) 72 - 81 - 45

",AIN ZOUIT,سكيكدة
719,2103,الحدائق,"
 (038) 92 - 71 - 46

",EL HADAIEK,سكيكدة
720,2104,عزابة,"
 (038) 77 - 99 - 63

",AZZABA,سكيكدة
721,2105,جندل سعيدي محمد,"
 (038) 77 - 45 - 45

",DJENDEL SAADI MOHAMED,سكيكدة
722,2106,عين الشرشار,"
 (038) 77 - 01 - 33

",AIN CHARCHAR,سكيكدة
723,2107,بكوش الأخضر,"
 (038) 77 - 32 - 77

",BEKKOUCHE LAKHDAR,سكيكدة
724,2108,بن عزوز,"
 (038) 73 - 05 - 82

",BEN AZZOUZ,سكيكدة
725,2109,السبت,"
 (038) 77 - 25 - 25

",ES SEBT,سكيكدة
726,2110,القل,"
 (038) 71 - 97 - 49

",COLLO,سكيكدة
727,2111,بني زيد,"
 (038) 91 - 52 - 71

",BENI ZID,سكيكدة
728,2112,الكركرة,"
 (038) 71 - 37 - 90

",KERKERA,سكيكدة
729,2113,أولاد عطية,"
 (038) 71 - 24 - 90

",OULED ATTIA,سكيكدة
730,2114,وادي الزهور,"
 (038) 91 - 63 - 32

",OUED ZHOUR,سكيكدة
731,2115,الزيتونة,"
 (038) 70 - 05 - 86

",ZITOUNA,سكيكدة
732,2116,الحروش,"
 (038) 79 - 49 - 18

",EL ARROUCH,سكيكدة
733,2117,زردازة,"
 (038) 78 - 64 - 00

",ZERDEZAS,سكيكدة
734,2118,أولاد حبابة,"
 (038) 78 - 81 - 39

",OULED HABBEBA,سكيكدة
735,2119,سيدي مزغيش,"
 (038) 92 - 62 - 06

",SIDI MEZGHICHE,سكيكدة
736,2120,مجاز الدشيش,"
 (038) 79 - 73 - 38

",EMJEZ EDCHICH,سكيكدة
737,2121,بني ولبان,"
 (038) 78 - 35 - 62

",BENI OULBANE,سكيكدة
738,2122,عين بوزيان,"
 (038) 78 - 25 - 47

",AIN BOUZIANE,سكيكدة
739,2123,ومضان جمال,"
 (038) 73 - 19 - 19

",RAMDANE DJAMEL,سكيكدة
740,2124,بني بشير,"
 (038) 74 - 63 - 76

",BENI BECHIR,سكيكدة
741,2125,صالح بو الشعور,"
 (038) 92 - 47 - 46

",SALAH BOUCHAOUR,سكيكدة
742,2126,تمالوس,"
 (038) 75 - 84 - 44

",TAMALOUS,سكيكدة
743,2127,عين قشرة,"
 (038) 73 - 39 - 49

",AIN KECHERA,سكيكدة
744,2128,أم الطوب,"
 (038) 72 - 01 - 57

",OUM TOUB,سكيكدة
745,2129,بين الويدان,"
 (038) 78 - 05 - 78

",BIN EL OUIDEN,سكيكدة
746,2130,فلفلة,"
 (038) 92 - 07 - 90

",FILFILA,سكيكدة
747,2131,الشرائع,"
 (038) 91 - 21 - 96

",CHERAIA,سكيكدة
748,2132,قنواع,"
 (038) 91 - 32 - 20

",KANOUA,سكيكدة
749,2133,الغدير,"
 (038) 78 - 93 - 38

",EL GHEDIR,سكيكدة
750,2134,بوشطاطة,"
 (038) 73 - 41 - 44

",BOUCHETATA,سكيكدة
751,2135,الولجة بولبلوط,"
 (038) 91 - 93 - 22

",OULDJA BOULBALOUT,سكيكدة
752,2136,خنق مايون,"
 (038) 91 - 81 - 89

",KHENAG MAYOUM,سكيكدة
753,2137,حمادي كرومة,"
 (038) 92 - 26 - 78

",HAMADI KROUMA,سكيكدة
754,2138,المرسى,"
 (038) 97 - 23 - 05

",EL MARSA,سكيكدة
755,2201,سيدي بلعباس,"
 (048) 54 - 28 - 78

",SIDI BEL-ABBES,سيدي بلعباس
756,2202,تسالة,"
 غير متاح

",TESSALA,سيدي بلعباس
757,2203,سيدي ابراهيم,"
 غير متاح

",SIDI BRAHIM,سيدي بلعباس
758,2204,مصطفى بن ابراهيم,"
 غير متاح

",MOSTEFA  BEN BRAHIM,سيدي بلعباس
759,2205,تلاغ,"
 غير متاح

",TELAGH,سيدي بلعباس
760,2206,مزاورو,"
 غير متاح

",MEZAOUROU,سيدي بلعباس
761,2207,بوخنيفيس,"
 غير متاح

",BOUKHANAFIS,سيدي بلعباس
762,2208,سيدي علي بوسيدي,"
 غير متاح

",SIDI ALI BOUSSIDI,سيدي بلعباس
763,2209,بدر الدين المقراني,"
 غير متاح

",BADREDINE EL MOKRANI,سيدي بلعباس
764,2210,مرحوم,"
 غير متاح

",MARHOUM,سيدي بلعباس
765,2211,تافيسور,"
 غير متاح

",TAFISSOUR,سيدي بلعباس
766,2212,امرناس,"
 غير متاح

",AMARNAS,سيدي بلعباس
767,2213,تيلموني,"
 غير متاح

",TILMOUNI,سيدي بلعباس
768,2214,سيدي لحسن,"
 غير متاح

",SIDI LAHCENE,سيدي بلعباس
769,2215,عين الثريد,"
 غير متاح

",AIN THRID,سيدي بلعباس
770,2216,مقدرة,"
 غير متاح

",MAKEDRA,سيدي بلعباس
771,2217,تنيرة,"
 غير متاح

",TENIRA,سيدي بلعباس
772,2218,مولاي سليسن,"
 غير متاح

",MOULAY SLISSEN,سيدي بلعباس
773,2219,الحصيبة,"
 غير متاح

",EL HACAIBA,سيدي بلعباس
774,2220,حاسي زهانة,"
 غير متاح

",HASSI ZAHANA,سيدي بلعباس
775,2221,طابية,"
 غير متاح

",TABIA,سيدي بلعباس
776,2222,مرين,"
 غير متاح

",MERINE,سيدي بلعباس
777,2223,راس الماء,"
 غير متاح

",RAS EL MA,سيدي بلعباس
778,2224,عين تندمين,"
 غير متاح

",AIN TINDAMINE,سيدي بلعباس
779,2225,عين قادة,"
 غير متاح

",AIN KADA,سيدي بلعباس
780,2226,مسيد,"
 غير متاح

",M'CID,سيدي بلعباس
781,2227,سيدي خالد,"
 (033) 66 - 80 - 47

",SIDI KHALED,سيدي بلعباس
782,2228,عين البرد,"
 غير متاح

",AIN EL BERD,سيدي بلعباس
783,2229,الزفيزف,"
 غير متاح

",SFISSEF,سيدي بلعباس
784,2230,عين عدان,"
 غير متاح

",AIN- ADDEN,سيدي بلعباس
785,2231,وادي تاوريرة,"
 غير متاح

",OUED TAOURIRA,سيدي بلعباس
786,2232,الضاية,"
 غير متاح

",DHAYA,سيدي بلعباس
787,2233,زروالة,"
 غير متاح

",ZEROUALA,سيدي بلعباس
788,2234,لمطار,"
 غير متاح

",LAMTAR,سيدي بلعباس
789,2235,سيدي شعيب,"
 غير متاح

",SIDI CHAIB,سيدي بلعباس
790,2236,سيدي دحو الزاير,"
 غير متاح

",SIDI DAHOU ZAIRS,سيدي بلعباس
791,2237,وادي السبع,"
 غير متاح

",OUED SEBAA,سيدي بلعباس
792,2238,بوجبع البرج,"
 غير متاح

",BOUDJEBAA EL BORDJ,سيدي بلعباس
793,2239,سحالة ثاورة,"
 غير متاح

",SEHALA THAOURA,سيدي بلعباس
794,2240,سيدي يعقوب,"
 غير متاح

",SIDI YACOUB,سيدي بلعباس
795,2241,سيدي حمادوش,"
 غير متاح

",SIDI HAMADOUCHE,سيدي بلعباس
796,2242,بلعربي,"
 غير متاح

",BELARBI,سيدي بلعباس
797,2243,وادي سفيون,"
 غير متاح

",OUED SEFIOUN,سيدي بلعباس
798,2244,تغليمت,"
 غير متاح

",TEGHALIMET,سيدي بلعباس
799,2245,بن باديس,"
 غير متاح

",BEN BADIS,سيدي بلعباس
800,2246,سيدي علي بن يوب,"
 غير متاح

",SIDI ALI BENYOUB,سيدي بلعباس
801,2247,شتوان بليلة,"
 غير متاح

",CHETOUANE BELAILA,سيدي بلعباس
802,2248,بئر الحمام,"
 غير متاح

",BIR EL HAMMAM,سيدي بلعباس
803,2249,تاودموت,"
 غير متاح

",TAOUDMOUT,سيدي بلعباس
804,2250,رجم دموش,"
 غير متاح

",REDJEM DEMOUCHE,سيدي بلعباس
805,2251,بن عشيبة شلية,"
 غير متاح

",BENACHIBA CHELIA,سيدي بلعباس
806,2252,حاسي دحو,"
 غير متاح

",HASSI DAHOU,سيدي بلعباس
807,2301,عنابة,"
 (038) 86 - 32 - 61

",ANNABA,عنابة
808,2302,برحال,"
 (038) 87 - 89 - 72

",BERRAHEL,عنابة
809,2303,الحجار,"
 (038) 89 - 45 - 38

",EL HADJAR,عنابة
810,2304,العلمة,"
 (038) 89 - 81 - 12

",EULMA,عنابة
811,2305,البوني,"
 (038) 52 - 28 - 32

",EL BOUNI,عنابة
812,2306,وادي العنب,"
 (038) 81 - 80 - 02

",OUED EL ANEB,عنابة
813,2307,الشرفاء,"
 (038) 89 - 71 - 66

",CHEURFA,عنابة
814,2308,سرايدي,"
 (038) 87 - 42 - 82

",SERAIDI,عنابة
815,2309,العين الباردة,"
 (038) 88 - 00 - 01

",AIN BERDA,عنابة
816,2310,شطايبي,"
 (038) 87 - 04 - 11

",CHETAIBI,عنابة
817,2311,سيد عامر,"
 (038) 87 - 10 - 82

",SIDI AMAR,عنابة
818,2312,التريعات,"
 (038) 85 - 31 - 12

",TREAT,عنابة
819,2401,قالمة,"
 (037) 26 - 75 - 55

",GUELMA,قالمة
820,2402,نشماية,"
 (037) 24 - 43 - 99

",NECHMAYA,قالمة
821,2403,بوعاطي محمود,"
 (037) 23 - 86 - 48

",BOUATI MAHMOUD,قالمة
822,2404,وادي الزناتي,"
 (037) 27 - 64 - 12

",OUED ZENATI,قالمة
823,2405,تاملوكة,"
 (037) 24 - 02 - 13

",TAMLOUKA,قالمة
824,2406,وادي فراغا,"
 (037) 23 - 21 - 42

",OUED FRAGHA,قالمة
825,2407,عين صندل,"
 (037) 25 - 73 - 45

",SIDI SANDEL,قالمة
826,2408,رأس العقبة,"
 (037) 28 - 13 - 87

",RAS EL AGBA,قالمة
827,2409,الداواهرة,"
 (037) 29 - 04 - 69

",DAHOUARA,قالمة
828,2410,بلخير,"
 (037) 24 - 71 - 08

",BELKHEIR,قالمة
829,2411,بن جراح,"
 (037) 25 - 25 - 90

",BEN DJARAH,قالمة
830,2412,بوحمدان,"
 (037) 25 - 93 - 06

",BOU HAMDANE,قالمة
831,2413,عين مخلوف,"
 (037) 27 - 77 - 87

",AIN MAKHLOUF,قالمة
832,2414,عين بن بيضاء,"
 (037) 29 - 54 - 41

",AIN BEN BEIDA,قالمة
833,2415,خزارة,"
 (037) 23 - 17 - 35

",KHEZARA,قالمة
834,2416,بني مزلين,"
 (037) 25 - 63 - 49

",BENI MEZLINE,قالمة
835,2417,بوحشانة,"
 (037) 25 - 83 - 34

",BOU HACHANA,قالمة
836,2418,قلعة بوصبع,"
 (037) 23 - 34 - 91

",GUELAAT BOU SBAA,قالمة
837,2419,حمام دباغ,"
 (037) 22 - 84 - 42

",HAMAM DEBAGH,قالمة
838,2420,الفجوج,"
 (037) 23 - 63 - 02

",EL FEDJOUDJ,قالمة
839,2421,برج صباط,"
 (037) 28 - 04 - 60

",BORDJ SABAT,قالمة
840,2422,حمام النبايل,"
 (037) 22 - 08 - 43

",HAMMAM N'BAIL,قالمة
841,2423,عين العربي,"
 (037) 24 - 65 - 31

",AIN LARBI,قالمة
842,2424,مجاز عمار,"
 (037) 21 - 83 - 60

",MEDJEZ AMAR,قالمة
843,2425,بوشقوف,"
 (037) 22 - 68 - 23

",BOUCHEGOUF,قالمة
844,2426,هيليوبوليس,"
 (037) 13 - 43 - 49

",HELIOPOLIS,قالمة
845,2427,عين الحساينية,"
 (037) 24 - 13 - 32

",AIN HESSANIA,قالمة
846,2428,الركنية,"
 (037) 22 - 41 - 28

",ROKNIA,قالمة
847,2429,سلاوة عنونة,"
 (037) 28 - 33 - 92

",SELLAOUA ANNOUNA,قالمة
848,2430,مجاز الصفاء,"
 (037) 29 - 32 - 36

",MEDJEZ SFA,قالمة
849,2431,بومهرة أحمد,"
 (037) 22 - 20 - 44

",BOUHAMRA AHMED,قالمة
850,2432,عين رقادة,"
 (037) 28 - 25 - 47

",AIN REGGADA,قالمة
851,2433,وادي الشحم,"
 (037) 23 - 07 - 60

",OUED CHEHAM,قالمة
852,2434,جبالة الخميسي,"
 (037) 25 - 33 - 90

",DJEBALLAH KHEMISSI,قالمة
853,2501,قسنطينة,"
 (031) 92 - 16 - 00

",CONSTANTINE,قسنطينة
854,2502,حامة بوزيان,"
 غير متاح

",HAMMA BOUZIANE,قسنطينة
855,2503,أبن باديس الهرية,"
 (031) 98 - 23 - 27

",BEN BADIS,قسنطينة
856,2504,زيغود يوسف,"
 (031) 92 - 16 - 04

",ZIGHOUD YOUCEF,قسنطينة
857,2505,ديدوش مراد,"
 (031) 90 - 71 - 05

",DIDOUCHE MOURAD,قسنطينة
858,2506,الخروب,"
 (031) 80 - 41 - 77

",EL KHROUB,قسنطينة
859,2507,عين عبيد,"
 (031) 81 - 64 - 02

",AIN ABID,قسنطينة
860,2508,بني حميدان,"
 (031) 65 - 02 - 20

",BENI HAMIDENE,قسنطينة
861,2509,أولاد رحمون,"
 (031) 68 - 93 - 43

",OULED RAHMOUNI,قسنطينة
862,2510,عين السمارة,"
 (031) 97 - 45 - 69

",AIN SMARA,قسنطينة
863,2511,بوجريو مسعود,"
 (031) 87 - 93 - 92

",MESSAOUD BOUJERIOU,قسنطينة
864,2512,ابن زياد,"
 (031) 64 - 95 - 13

",IBN ZIAD,قسنطينة
865,2601,المدية,"
 (025) 78 - 39 - 89

",MEDEA,المدية
866,2602,وزرة,"
 (025) 79 - 73 - 01

",OUZERA,المدية
867,2603,أولاد معروف,"
 (025) 65 - 43 - 00

",OULED MAAREF,المدية
868,2604,عين بوسيف,"
 (025) 55 - 07 - 86

",AIN BOUCIF,المدية
869,2605,العيساوية,"
 (025) 62 - 51 - 02

",AISSAOUIA,المدية
870,2606,أولاد دايد,"
 (025) 56 - 32 - 66

",OULED DEID,المدية
871,2607,العمرية,"
 (025) 55 - 30 - 61

",EL OMARIA,المدية
872,2608,دراق,"
 (025) 63 - 92 - 33

",DERRAG,المدية
873,2609,القلب الكبير,"
 (025) 52 - 84 - 40

",EL GUELBELKEBIR,المدية
874,2610,بوعيش,"
 (025) 63 - 62 - 14

",BOUAICHE,المدية
875,2611,مزغنة,"
 (025) 52 - 61 - 03

",MEZERANA,المدية
876,2612,أولاد إبراهيم,"
 (025) 56 - 71 - 53

",OULED BRAHIM,المدية
877,2613,دميات,"
 غير متاح

",DAMIAT,المدية
878,2614,سيدي زيان,"
 (025) 50 - 32 - 00

",SIDI ZIANE,المدية
879,2615,تمسقيدة,"
 (025) 79 - 06 - 57

",TAMESGUIDA,المدية
880,2616,الحمدانية,"
 (025) 60 - 61 - 80

",EL HAMDANIA,المدية
881,2617,الكاف الاخضر,"
 (025) 66 - 02 - 20

",KEF LAKHDAR,المدية
882,2618,شلالة العذاورة,"
 (025) 55 - 11 - 06

",CHELALET EL ADHAOURA,المدية
883,2619,بوسكن,"
 (025) 50 - 92 - 48

",BOUSKENE,المدية
884,2620,الربعية,"
 (025) 56 - 21 - 02

",REBAIA,المدية
885,2621,بوشراحيل,"
 (025) 55 - 51 - 33

",BOUCHRAHIL,المدية
886,2622,أولاد هلال,"
 (025) 66 - 91 - 02

",OULED HELLAL,المدية
887,2623,تفراوت,"
 (025) 66 - 31 - 51

",TAFRAOUT,المدية
888,2624,بعطة,"
 (025) 56 - 51 - 11

",BAATA,المدية
889,2625,بوغار,"
 (025) 67 - 93 - 46

",BOGHAR,المدية
890,2626,سيدي نعمان,"
 (025) 55 - 84 - 48

",SIDI NAAMANE,المدية
891,2627,أولاد بوعشرة,"
 (025) 60 - 01 - 62

",OULED BOUACHRA,المدية
892,2628,سيدي زهار,"
 (025) 50 - 22 - 60

",SIDI ZAHAR,المدية
893,2629,وادي حربيل,"
 (025) 74 - 91 - 75

",OUED HARBIL,المدية
894,2630,بن شكاو,"
 (025) 61 - 65 - 73

",BEN CHICAO,المدية
895,2631,سيدي دامد,"
 (025) 66 - 21 - 72

",SIDI DEMED,المدية
896,2632,عزيز,"
 (025) 53 - 81 - 75

",AZIZ,المدية
897,2633,السواقي,"
 (025) 51 - 05 - 66

",SOUAGUI,المدية
898,2634,الزبيرية,"
 (025) 77 - 02 - 73

",ZOUBIRIA,المدية
899,2635,قصر البخاري,"
 (025) 67 - 23 - 81

",KSAR EL BOUKHARI,المدية
900,2636,العزيزية,"
 (025) 52 - 04 - 22

",EL AZIZIA,المدية
901,2637,جواب,"
 (025) 50 - 73 - 21

",DJOUAB,المدية
902,2638,الشهبونية,"
 (025) 70 - 72 - 75

",CHABOUNIA,المدية
903,2639,مغراوة,"
 (025) 62 - 31 - 04

",MAGHRAOUA,المدية
904,2640,شنيقل,"
 (025) 65 - 51 - 31

",CHENIGUEL,المدية
905,2641,عين القصيرة,"
 (025) 66 - 51 - 22

",AIN OUKSIR,المدية
906,2642,أم الجليل,"
 (025) 63 - 01 - 15

",OUM EL DJELLIL,المدية
907,2643,عوامري,"
 (025) 74 - 82 - 73

",OUAMRI,المدية
908,2644,سي المحجوب,"
 (025) 59 - 04 - 01

",SI MAHDJOUB,المدية
909,2645,ثلاث دوائر,"
 (025) 67 - 04 - 34

",TLETAT ED DOUAIR,المدية
910,2646,بني سليمان,"
 (025) 71 - 43 - 56

",BENI SLIMANE,المدية
911,2647,البرواقية,"
 (025) 57 - 99 - 02

",BERROUAGHIA,المدية
912,2648,سغوان,"
 (025) 70 - 78 - 60

",SEGHOUANE,المدية
913,2649,مفتاح,"
 (025) 67 - 61 - 21

",MEFTAHA,المدية
914,2650,ميهوب,"
 (025) 62 - 03 - 60

",MIHOUB,المدية
915,2651,بوغزول,"
 (025) 70 - 50 - 17

",BOUGHZOUL,المدية
916,2652,تابلاط,"
 (025) 52 - 19 - 21

",TABLAT,المدية
917,2653,الحوضان,"
 (025) 62 - 21 - 32

",DEUX BASSINS,المدية
918,2654,ذراع السمار,"
 (025) 79 - 06 - 57

",DRAA ESSAMAR,المدية
919,2655,سيدي الربيع,"
 (025) 50 - 41 - 85

",SIDI RABIE,المدية
920,2656,بئر بن عابد,"
 (025) 50 - 62 - 10

",BIR BEN LAABED,المدية
921,2657,العوينات,"
 (025) 65 - 72 - 76

",EL OUINET,المدية
922,2658,أولاد عنتر,"
 (025) 53 - 02 - 36

",OULED ANTAR,المدية
923,2659,بوعيشون,"
 (025) 60 - 91 - 15

",BOUAICHOUNE,المدية
924,2660,حناشة,"
 (025) 73 - 71 - 09

",HANNACHA,المدية
925,2661,سدراية,"
 (025) 51 - 61 - 99

",SEDRAYA,المدية
926,2662,مجبر,"
 (025) 70 - 02 - 34

",MEDJEBAR,المدية
927,2663,خمس جوامع,"
 (025) 56 - 61 - 10

",KHAMS DJOUAMAA,المدية
928,2664,السائق,"
 (025) 67 - 51 - 48

",SANEG,المدية
929,2701,مستغانم,"
 (045) 41 - 34 - 64

",MOSTAGANEM,مستغانم
930,2702,صيادة,"
 (045) 27 - 11 - 61

",SAYADA,مستغانم
931,2703,فرناقة,"
 (045) 27 - 84 - 74

",FORNAKA,مستغانم
932,2704,ستيدية,"
 (045) 22 - 17 - 73

",STIDIA,مستغانم
933,2705,عين نويسي,"
 (045) 27 - 41 - 27

",AIN-NOUISSY,مستغانم
934,2706,حاسي معمش,"
 (045) 22 - 91 - 92

",HASSI MAMECHE,مستغانم
935,2707,عين تادلس,"
 (045) 22 - 60 - 37

",AIN-TEDLES,مستغانم
936,2708,سور,"
 (045) 28 - 13 - 10

",SOUR,مستغانم
937,2709,وادي الخير,"
 (045) 27 - 61 - 22

",OUED EL KHEIR,مستغانم
938,2710,سيدي بلعطار,"
 (045) 31 - 91 - 09

",SIDI BELAATTAR,مستغانم
939,2711,خير الدين,"
 (045) 42 - 81 - 14

",KHEIR-EDDINE,مستغانم
940,2712,سيدي علي,"
 (045) 24 - 15 - 82

",SIDI ALI,مستغانم
941,2713,بن عبد المالك رمضان,"
 (045) 24 - 93 - 30

",BENABDELMALEK RAMDANE,مستغانم
942,2714,حجاج,"
 (045) 24 - 60 - 86

",HADJADJ,مستغانم
943,2715,نكمارية,"
 (045) 25 - 52 - 23

",NEKMARIA,مستغانم
944,2716,سيدي لخضر,"
 (045) 24 - 79 - 09

",SIDI-LAKHDAR,مستغانم
945,2717,عشعاشة,"
 (045) 24 - 04 - 09

",ACHAACHA,مستغانم
946,2718,خضراء,"
 (045) 25 - 21 - 80

",KHADRA,مستغانم
947,2719,بوقيراط,"
 (045) 22 - 46 - 67

",BOUGUIRAT,مستغانم
948,2720,سيرات,"
 (045) 27 - 03 - 39

",SIRAT,مستغانم
949,2721,عين سيدي الشريف,"
 (045) 27 - 51 - 67

",AIN-SIDI CHERIF,مستغانم
950,2722,ماسرة,"
 (045) 22 - 24 - 27

",MESRA,مستغانم
951,2723,منصورة,"
 (043) 21 - 41 - 10

",MANSOURAH,مستغانم
952,2724,السوافلية,"
 (045) 31 - 42 - 28

",SOUAFLIA,مستغانم
953,2725,أولاد بوغالم,"
 (045) 25 - 32 - 39

",OULED BOUGHALEM,مستغانم
954,2726,أولاد مع الله,"
 (045) 25 - 91 - 14

",OULED-MAALAH,مستغانم
955,2727,مزغران,"
 (045) 23 - 67 - 13

",MAZAGRAN,مستغانم
956,2728,عين بودينار,"
 (045) 32 - 41 - 67

",AIN-BOUDINAR,مستغانم
957,2729,تزقايت,"
 (045) 24 - 41 - 11

",TAZGAIT,مستغانم
958,2730,صفصاف,"
 (045) 32 - 32 - 09

",SAFSAF,مستغانم
959,2731,الطواهرية,"
 (045) 27 - 73 - 45

",TOUAHRIA,مستغانم
960,2732,الحسيان (بني ياحي,"
 (045) 28 - 33 - 83

",HASSIANE,مستغانم
961,2801,المسيلة,"
 (035) 55 - 02 - 36

",M'SILA,المسيلة
962,2802,المعاضيد,"
 (035) 59 - 74 - 35

",MAADID,المسيلة
963,2803,حمام الضلعة,"
 (035) 57 - 54 - 40

",HAMMAM DALAA,المسيلة
964,2804,أولاد دراج,"
 (035) 57 - 74 - 02

",OULED DERRADJ,المسيلة
965,2805,تارمونت,"
 (035) 56 - 34 - 44

",TARMOUNT,المسيلة
966,2806,المطارفة,"
 (035) 56 - 61 - 73

",M'TARFA,المسيلة
967,2807,خبانة,"
 (035) 51 - 37 - 93

",KHOUBANA,المسيلة
968,2808,مصيف,"
 (035) 41 - 91 - 33

",M'CIF,المسيلة
969,2809,شلال,"
 (035) 57 - 23 - 61

",CHELLAL,المسيلة
970,2810,أولاد ماضي,"
 (035) 56 - 21 - 05

",OULED MADHI,المسيلة
971,2811,مقرة,"
 (035) 59 - 32 - 69

",MAGRA,المسيلة
972,2812,برهوم,"
 (035) 57 - 96 - 33

",BERHOUM,المسيلة
973,2813,عين خضراء,"
 (035) 59 - 04 - 92

",AIN KHADRA,المسيلة
974,2814,أولاد عدي قبالة,"
 (035) 59 - 86 - 58

",OULED ADDI GUEBALA,المسيلة
975,2815,بلعايبة,"
 (035) 57 - 14 - 27

",BELAIBA,المسيلة
976,2816,سيدي عيسى,"
 (035) 50 - 99 - 75

",SIDI AISSA,المسيلة
977,2817,عين الحجل,"
 (035) 50 - 18 - 86

",AIN EL HADJEL,المسيلة
978,2818,سيدي هجرس,"
 (035) 49 - 84 - 99

",SIDI HADJERES,المسيلة
979,2819,ونوغة,"
 (035) 57 - 45 - 31

",OUANOUGHA,المسيلة
980,2820,بوسعادة,"
 (035) 43 - 44 - 23

",BOU SAADA,المسيلة
981,2821,أولاد سيدي ابراهيم,"
 (035) 51 - 01 - 13

",OULED SIDI BRAHIM,المسيلة
982,2822,سيدي عامر,"
 (035) 51 - 51 - 74

",SIDI AMEUR,المسيلة
983,2823,تامسة,"
 (035) 41 - 42 - 08

",TAMSA,المسيلة
984,2824,ابن سرور,"
 (035) 51 - 81 - 04

",BEN SROUR,المسيلة
985,2825,أولاد سليمان,"
 (035) 41 - 11 - 09

",OULED SLIMANE,المسيلة
986,2826,الحوامد,"
 (035) 42 - 23 - 26

",EL HOUAMED,المسيلة
987,2827,الهامل,"
 (035) 51 - 44 - 36

",EL HAMEL,المسيلة
988,2828,أولاد منصور,"
 (035) 56 - 51 - 63

",OULED MANSOUR,المسيلة
989,2829,معاريف,"
 (035) 41 - 81 - 87

",MAARIF,المسيلة
990,2830,دهاهنة,"
 (035) 59 - 61 - 06

",DEHAHNA,المسيلة
991,2831,بوطي السياح,"
 (035) 49 - 71 - 25

",BOUTI SAYEH,المسيلة
992,2832,ختوتي سد الجير,"
 (035) 49 - 91 - 59

",KHETTOUTI SED-EL-JIR,المسيلة
993,2833,زرزور,"
 (035) 41 - 21 - 05

",ZARZOUR,المسيلة
994,2834,محمد بوضياف,"
 (035) 48 - 64 - 41

",MOHAMED BOUDIAF,المسيلة
995,2835,بن زوح,"
 (035) 53 - 01 - 15

",BENZOUH,المسيلة
996,2836,بئر الفضة,"
 (035) 48 - 01 - 03

",BIR FODA,المسيلة
997,2837,عين فارس,"
 (035) 48 - 51 - 45

",AIN FARES,المسيلة
998,2838,سيدي أحمد,"
 (035) 48 - 21 - 34

",SIDI M'HAMED,المسيلة
999,2839,منعة -أولاد عطية,"
 غير متاح

",MENAA OULED ATTIA,المسيلة
1000,2840,الصوامع,"
 غير متاح

",SOUAMAA,المسيلة
1001,2841,عين الملح,"
 (035) 58 - 85 - 97

",AIN EL MELH,المسيلة
1002,2842,مجدل,"
 (035) 53 - 04 - 21

",MEDJEDEL,المسيلة
1003,2843,سليم,"
 (035) 42 - 54 - 03

",SLIM,المسيلة
1004,2844,عين الريش,"
 (035) 51 - 33 - 65

",AIN RICH,المسيلة
1005,2845,بني يلمان,"
 (035) 50 - 33 - 99

",BENI ILMANE,المسيلة
1006,2846,ولتام,"
 (035) 51 - 61 - 03

",OULTEME,المسيلة
1007,2847,جبل مسعد,"
 (035) 51 - 11 - 10

",DJEBEL MESSAAD,المسيلة
1008,2901,معسكر,"
 غير متاح

",MASCARA,معسكر
1009,2902,بوحنيفية,"
 غير متاح

",BOUHANIFIA,معسكر
1010,2903,تيزي,"
 غير متاح

",TIZI,معسكر
1011,2904,حسين,"
 غير متاح

",HACINE,معسكر
1012,2905,ماوسة,"
 غير متاح

",MAOUSSA,معسكر
1013,2906,تيغنيف,"
 غير متاح

",TIGHENNIF,معسكر
1014,2907,الحشم,"
 غير متاح

",EL HACHEM,معسكر
1015,2908,سيدي قادة,"
 غير متاح

",SIDI KADA,معسكر
1016,2909,زلامطة,"
 غير متاح

",ZELAMTA,معسكر
1017,2910,وادي الأبطال,"
 (045) 88 - 71 - 23

",OUED EL ABTAL,معسكر
1018,2911,عين فراح,"
 غير متاح

",AIN FERAH,معسكر
1019,2912,غريس,"
 غير متاح

",GHRISS,معسكر
1020,2913,فروحة,"
 غير متاح

",FROHA,معسكر
1021,2914,المطمور,"
 غير متاح

",MATEMORE,معسكر
1022,2915,ماقضة,"
 غير متاح

",MAKHDA,معسكر
1023,2916,سيدي بوسعيد,"
 غير متاح

",SIDI BOUSSAID,معسكر
1024,2917,البرج,"
 (045) 98 - 17 - 08

",EL BORDJ,معسكر
1025,2918,عين فكان,"
 غير متاح

",AIN FEKAN,معسكر
1026,2919,بنيان,"
 غير متاح

",BENIAN,معسكر
1027,2920,خلوية,"
 غير متاح

",KHALOUIA,معسكر
1028,2921,المنور,"
 غير متاح

",EL MENAOUER,معسكر
1029,2922,وادي تاغية,"
 غير متاح

",OUED TARIA,معسكر
1030,2923,عوف,"
 غير متاح

",AOUF,معسكر
1031,2924,عين فارس,"
 غير متاح

",AIN FARES,معسكر
1032,2925,عين الفرس,"
 غير متاح

",AIN FRASS,معسكر
1033,2926,سيق,"
 غير متاح

",SIG,معسكر
1034,2927,عكاز,"
 (045) 84 - 31 - 99

",OGGAZ,معسكر
1035,2928,العلايمية,"
 (045) 83 - 72 - 20

",ALAIMIA,معسكر
1036,2929,القعدة,"
 غير متاح

",EL GAADA,معسكر
1037,2930,زهانة,"
 غير متاح

",ZAHANA,معسكر
1038,2931,المحمدية,"
 غير متاح

",MOHAMMADIA,معسكر
1039,2932,سيدي عبد المومن,"
 غير متاح

",SIDI ABDELMOUMENE,معسكر
1040,2933,فراقيق,"
 غير متاح

",FERRAGUIG,معسكر
1041,2934,الغمري,"
 غير متاح

",EL GHOMRI,معسكر
1042,2935,سجرارة,"
 غير متاح

",SEDJERARA,معسكر
1043,2936,مقطع الدوز,"
 (045) 87 - 31 - 54

",MOCTA-DOUZ,معسكر
1044,2937,بوهني,"
 غير متاح

",BOU HENNI,معسكر
1045,2938,القطنة,"
 غير متاح

",EL GUEITENA,معسكر
1046,2939,المأمونية,"
 غير متاح

",EL MAMOUNIA,معسكر
1047,2940,القرط,"
 غير متاح

",EL KEURT,معسكر
1048,2941,غروس,"
 غير متاح

",GHARROUS,معسكر
1049,2942,قرجوم,"
 (045) 91 - 41 - 42

",GUERDJOUM,معسكر
1050,2943,الشرفاء,"
 غير متاح

",CHORFA,معسكر
1051,2944,رأس عين عميروش,"
 غير متاح

",RAS EL AIN AMIROUCHE,معسكر
1052,2945,نسمط,"
 غير متاح

",NESMOT,معسكر
1053,2946,سيدي عبد الجبار,"
 غير متاح

",SIDI ABDELDJEBAR,معسكر
1054,2947,السهايلية,"
 غير متاح

",SEHAILIA,معسكر
1055,3001,ورقلة,"
 (029) 76 - 90 - 73

",OUARGLA,ورقلة
1056,3002,عين البيضاء,"
 (029) 72 - 50 - 95

",AIN BEIDA,ورقلة
1057,3003,نقوسة,"
 (029) 72 - 32 - 10

",N'GOUSSA,ورقلة
1058,3004,حاسي مسعود,"
 (029) 73 - 65 - 86

",HASSI MESSAOUD,ورقلة
1059,3005,الرويسات,"
 (029) 64 - 51 - 94

",ROUISSAT,ورقلة
1060,3011,سيدي خويلد,"
 (029) 72 - 14 - 68

",SIDI KHOUILED,ورقلة
1061,3012,حاسي بن عبد الله,"
 (029) 77 - 42 - 50

",HASSI BEN ABDELLAH,ورقلة
1062,3101,وهران,"
 (041) 34 - 32 - 77

",ORAN,وهران
1063,3102,قديل,"
 (041) 48 - 35 - 23

",GDYEL,وهران
1064,3103,بئر الجير,"
 (041) 27 - 32 - 74

",BIR EL DJIR,وهران
1065,3104,حاسي بونيف,"
 (041) 27 - 55 - 89

",HASSI BOUNIF,وهران
1066,3105,السانية,"
 (041) 58 - 18 - 69

",ES SENIA,وهران
1067,3106,أرزيو,"
 (041) 77 - 15 - 14

",ARZEW,وهران
1068,3107,بطيوة,"
 (041) 47 - 05 - 40

",BETHIOUA,وهران
1069,3108,مرسى الحجاج,"
 (041) 76 - 60 - 94

",MARSAT EL HADJADJ,وهران
1070,3109,عين الترك,"
 (041) 44 - 00 - 02

",AIN TURK,وهران
1071,3110,العنصر,"
 (041) 31 - 95 - 80

",EL ANCAR,وهران
1072,3111,وادي تليلات,"
 (041) 43 - 78 - 51

",OUED TLELAT,وهران
1073,3112,طفراوي,"
 (041) 43 - 51 - 21

",TAFRAOUI,وهران
1074,3113,سيدي الشحمي,"
 (041) 27 - 94 - 69

",SIDI CHAMI,وهران
1075,3114,بوفتيس,"
 (041) 52 - 15 - 26

",BOUFATIS,وهران
1076,3115,المرسى الكبير,"
 (041) 30 - 54 - 55

",MERS EL KEBIR,وهران
1077,3116,بوصفر,"
 (041) 26 - 24 - 24

",BOUSFER,وهران
1078,3117,الكرمة,"
 (041) 41 - 87 - 47

",EL KERMA,وهران
1079,3118,البراية,"
 (041) 45 - 94 - 25

",EL BRAYA,وهران
1080,3119,حاسي بن عقبة,"
 (041) 52 - 40 - 22

",HASSI BEN OKBA,وهران
1081,3120,بن فريحة,"
 (041) 52 - 81 - 86

",BEN FREHA,وهران
1082,3121,حاسي مفسوخ,"
 (041) 37 - 42 - 12

",HASSI MEFSOUKH,وهران
1083,3122,سيدي بن يبقى,"
 (041) 37 - 11 - 01

",SIDI BEN YEBKA,وهران
1084,3123,مسرغين,"
 (041) 19 - 00 - 48

",MESSERGHIN,وهران
1085,3124,بوتليليس,"
 (041) 49 - 63 - 63

",BOUTLELIS,وهران
1086,3125,عين الكرمة,"
 (041) 22 - 82 - 10

",AIN KERMA,وهران
1087,3126,عين البية,"
 (040) 22 - 64 - 14

",AIN BIYA,وهران
1088,3201,البيض,"
 (049) 61 - 34 - 52

",EL BAYADH,البيض
1089,3202,رقاصة,"
 (049) 72 - 02 - 33

",ROGASSA,البيض
1090,3203,ستيتن,"
 (049) 69 - 22 - 15

",STITTEN,البيض
1091,3204,بريزينة,"
 (049) 72 - 13 - 05

",BREZINA,البيض
1092,3205,غسول,"
 (049) 72 - 84 - 41

",GHASSOUL,البيض
1093,3206,بوعلام,"
 (049) 72 - 55 - 35

",BOUALEM,البيض
1094,3207,الأبيض سيدي الشيخ,"
 (049) 73 - 89 - 23

",EL BIODH SIDI CHEIKH,البيض
1095,3208,عين العراك,"
 (049) 56 - 52 - 02

",AIN EL ORAK,البيض
1096,3209,عرباوة,"
 (049) 73 - 31 - 31

",ARBAOUAT,البيض
1097,3210,بوقطب,"
 (049) 72 - 37 - 62

",BOUGTOUB,البيض
1098,3211,الخيثر,"
 (049) 72 - 75 - 67

",EL KHEITHER,البيض
1099,3212,الكاف الأحمر,"
 (049) 72 - 02 - 33

",KEF EL AHMAR,البيض
1100,3213,بوسمغون,"
 (049) 73 - 11 - 11

",BOUSSEMGHOUN,البيض
1101,3214,شلالة,"
 (049) 73 - 42 - 20

",CHELLALA,البيض
1102,3215,كراكدة,"
 (049) 66 - 31 - 26

",KRAKDA,البيض
1103,3216,البنود,"
 (049) 73 - 01 - 01

",EL BNOUD,البيض
1104,3217,الشقيق,"
 (049) 66 - 82 - 23

",CHEGUIG,البيض
1105,3218,سيدي عامر,"
 (049) 68 - 01 - 98

",SIDI AMEUR,البيض
1106,3219,المهارة,"
 (049) 67 - 02 - 02

",EL MEHARA,البيض
1107,3220,توسمولين,"
 (049) 66 - 61 - 98

",TOUSMOULINE,البيض
1108,3221,سيدي سليمان,"
 (049) 68 - 31 - 24

",SIDI SLIMANE,البيض
1109,3222,سيدي تيفور,"
 (049) 68 - 71 - 02

",SIDI TIFOUR,البيض
1110,3301,إيليزي,"
 غير متاح

",ILLIZI,إيليزي
1111,3303,دبداب,"
 غير متاح

",DEBDEB,إيليزي
1112,3304,برج عمر إدريس,"
 غير متاح

",BORDJ OMAR DRISS,إيليزي
1113,3306,إن أميناس,"
 غير متاح

",IN AMENAS,إيليزي
1114,3401,برج بوعريرج,"
 (035) 68 - 80 - 10

",B. B. ARRERIDJ,برج بوعريرج
1115,3402,رأس الوادي,"
 (035) 64 - 70 - 04

",RAS EL OUED,برج بوعريرج
1116,3403,برج زمورة,"
 (035) 66 - 55 - 03

",BORDJ ZEMORA,برج بوعريرج
1117,3404,المنصورة,"
 (035) 85 - 03 - 03

",MANSOURA,برج بوعريرج
1118,3405,المهير,"
 (035) 65 - 81 - 07

",EL M'HIR,برج بوعريرج
1119,3406,بن داود,"
 (035) 75 - 21 - 92

",BEN DAOUD,برج بوعريرج
1120,3407,الياشير,"
 (035) 78 - 31 - 05

",EL ACHIR,برج بوعريرج
1121,3408,عين تاغروت,"
 (035) 65 - 53 - 43

",AIN TAGHROUT,برج بوعريرج
1122,3409,برج غدير,"
 (035) 65 - 11 - 14

",BORDJ GHDIR,برج بوعريرج
1123,3410,سيدي مبارك,"
 (035) 64 - 15 - 58

",SIDI-EMBAREK,برج بوعريرج
1124,3411,الحمادية,"
 (035) 66 - 04 - 57

",EL HAMADIA,برج بوعريرج
1125,3412,بليمور,"
 (035) 79 - 05 - 00

",BELIMOUR,برج بوعريرج
1126,3413,مجانة,"
 (035) 66 - 11 - 77

",MEDJANA,برج بوعريرج
1127,3414,ثنية النصر,"
 (035) 88 - 01 - 31

",TENIET EN NASR,برج بوعريرج
1128,3415,الجعافرة,"
 (035) 66 - 31 - 26

",DJAAFRA,برج بوعريرج
1129,3416,الماين,"
 (035) 77 - 54 - 90

",EL MAIN,برج بوعريرج
1130,3417,أولاد أبراهيم,"
 (035) 77 - 51 - 01

",OULED BRAHEM,برج بوعريرج
1131,3418,أولاد دحمان,"
 (035) 70 - 71 - 99

",OULED DAHMANE,برج بوعريرج
1132,3419,حسناوة,"
 (035) 70 - 25 - 27

",HASNAOUA,برج بوعريرج
1133,3420,خليل,"
 (035) 79 - 85 - 31

",KHELIL,برج بوعريرج
1134,3421,تقلعيت,"
 (035) 65 - 91 - 02

",TAGLAIT,برج بوعريرج
1135,3422,القصور,"
 (035) 71 - 32 - 73

",KSOUR,برج بوعريرج
1136,3423,أولاد سيدي ابراهيم,"
 (035) 75 - 31 - 21

",OULED SIDI-BRAHIM,برج بوعريرج
1137,3424,تفرق,"
 (035) 76 - 61 - 35

",TAFREG,برج بوعريرج
1138,3425,القلة,"
 (035) 75 - 62 - 64

",COLLA,برج بوعريرج
1139,3426,تيكستير,"
 (035) 83 - 02 - 03

",TIXTER,برج بوعريرج
1140,3427,العش,"
 (035) 70 - 01 - 08

",EL ACH,برج بوعريرج
1141,3428,العنصر,"
 (035) 66 - 62 - 99

",EL ANSEUR,برج بوعريرج
1142,3429,تسمرت,"
 (035) 77 - 91 - 44

",TESMART,برج بوعريرج
1143,3430,عين تسرة,"
 (035) 62 - 61 - 83

",AIN TESRA,برج بوعريرج
1144,3431,بئر قصد علي,"
 (035) 78 - 64 - 59

",BIR KASDALI,برج بوعريرج
1145,3432,غيلاسة,"
 (035) 78 - 71 - 20

",GHILASSA,برج بوعريرج
1146,3433,الرابطة,"
 (035) 71 - 21 - 15

",RABTA,برج بوعريرج
1147,3434,حرازة,"
 (035) 75 - 01 - 35

",HARAZA,برج بوعريرج
1148,3501,بومرداس,"
 (024) 79 - 14 - 95

",BOUMERDES,بومرداس
1149,3502,بودواو,"
 (024) 84 - 31 - 20

",BOUDOUAOU,بومرداس
1150,3503,أفير,"
 (024) 90 - 03 - 01

",AFIR,بومرداس
1151,3504,برج منايل,"
 (024) 88 - 50 - 73

",BORDJ MENAIEL,بومرداس
1152,3505,بغلية,"
 (024) 89 - 02 - 08

",BAGHLIA,بومرداس
1153,3506,سيدي داود,"
 (024) 89 - 11 - 20

",SIDI DAOUD,بومرداس
1154,3507,الناصرية,"
 (024) 88 - 05 - 05

",NACIRIA,بومرداس
1155,3508,جينات,"
 (024) 87 - 91 - 84

",DJINET,بومرداس
1156,3509,يسر,"
 (024) 88 - 26 - 22

",ISSER,بومرداس
1157,3510,زموري,"
 (024) 86 - 42 - 38

",ZEMMOURI,بومرداس
1158,3511,سي مصطفى,"
 (024) 81 - 07 - 48

",SI MUSTAPHA,بومرداس
1159,3512,تجلبين,"
 (024) 95 - 00 - 49

",TIDJELABINE,بومرداس
1160,3513,شعبة العامر,"
 (024) 88 - 92 - 83

",CHABET EL AMEUR,بومرداس
1161,3514,الثنية,"
 (029) 83 - 53 - 13

",THENIA,بومرداس
1162,3515,تمزريت,"
 (024) 92 - 21 - 56

",TIMEZRIT,بومرداس
1163,3516,قورصو,"
 (024) 84 - 00 - 86

",CORSO,بومرداس
1164,3517,أولاد موسى,"
 (024) 91 - 70 - 57

",OULED MOUSSA,بومرداس
1165,3518,الاربعطاش,"
 (024) 86 - 55 - 25

",LARBATACHE,بومرداس
1166,3519,بوزقرة قدارة,"
 (024) 85 - 34 - 04

",BOUZEGZA KEDDARA,بومرداس
1167,3520,تورقة,"
 (024) 89 - 74 - 53

",TAOURGA,بومرداس
1168,3521,أولاد عيسى,"
 (049) 91 - 31 - 31

",OULED AISSA,بومرداس
1169,3522,بني شود,"
 (024) 89 - 81 - 10

",BEN CHOUD,بومرداس
1170,3523,دلس,"
 (024) 89 - 55 - 64

",DELLYS,بومرداس
1171,3524,عمال,"
 (024) 85 - 43 - 92

",AMMAL,بومرداس
1172,3525,بني عمران,"
 (024) 87 - 41 - 22

",BENI AMRANE,بومرداس
1173,3526,سوق الأحد,"
 (024) 83 - 05 - 82

",SOUK EL HAAD,بومرداس
1174,3527,بودواو البحري,"
 (024) 84 - 61 - 78

",BOUDOUAOU EL BAHRI,بومرداس
1175,3528,أولاد هداج,"
 (024) 84 - 89 - 67

",OULED HEDADJ,بومرداس
1176,3529,القاطة,"
 (024) 88 - 41 - 12

",LEGHATA,بومرداس
1177,3530,حمادي,"
 (024) 86 - 01 - 78

",HAMMEDI,بومرداس
1178,3531,خميس الخشنة,"
 (024) 87 - 08 - 00

",KHEMIS EL KHECHNA,بومرداس
1179,3532,الخروبة,"
 (024) 85 - 12 - 11

",EL KHARROUBA,بومرداس
1180,3601,الطارف,"
 (038) 60 - 31 - 22

",EL TARF,الطارف
1181,3602,بوحجار,"
 (038) 62 - 73 - 00

",BOUHADJAR,الطارف
1182,3603,ابن مهيدي,"
 (038) 69 - 22 - 37

",BEN M HIDI,الطارف
1183,3604,بوقوس,"
 (038) 61 - 23 - 89

",BOUGOUS,الطارف
1184,3605,القالة,"
 (038) 66 - 32 - 02

",EL KALA,الطارف
1185,3606,عين العسل,"
 (038) 66 - 71 - 42

",AIN EL ASSEL,الطارف
1186,3607,العيون,"
 (038) 65 - 45 - 23

",EL AIOUN,الطارف
1187,3608,بوثلجة,"
 (038) 60 - 83 - 52

",BOUTELDJA,الطارف
1188,3609,السواريخ,"
 (038) 66 - 97 - 35

",SOUAREKH,الطارف
1189,3610,بريحان,"
 (038) 61 - 31 - 89

",BERRIHANE,الطارف
1190,3611,بحيرة الطيور,"
 (038) 60 - 67 - 73

",LAC DES OISEAUX,الطارف
1191,3612,الشافية,"
 (038) 62 - 51 - 99

",CHEFIA,الطارف
1192,3613,الذرغان,"
 (038) 68 - 75 - 26

",DREAN,الطارف
1193,3614,شهاني,"
 (038) 68 - 31 - 53

",CHIHANI,الطارف
1194,3615,شبايطة مختار,"
 (038) 69 - 15 - 05

",CHEBAITA MOKHTAR,الطارف
1195,3616,البسباس,"
 (038) 69 - 42 - 43

",BESBES,الطارف
1196,3617,عصفور,"
 (038) 68 - 10 - 37

",ASFOUR,الطارف
1197,3618,الشط,"
 (038) 61 - 01 - 31

",ECHATT,الطارف
1198,3619,زريزر,"
 (038) 68 - 44 - 16

",ZERIZER,الطارف
1199,3620,الزيتونة,"
 (038) 70 - 05 - 86

",ZITOUNA,الطارف
1200,3621,عين الكرمة,"
 (038) 62 - 95 - 27

",AIN KERMA,الطارف
1201,3622,وادي الزيتون,"
 (038) 62 - 31 - 29

",OUED ZITOUN,الطارف
1202,3623,حمام بن صالح,"
 (038) 62 - 21 - 73

",HAMMAM BENI SALAH,الطارف
1203,3624,رمل السوق,"
 (038) 65 - 54 - 46

",RAML SOUK,الطارف
1204,3701,تندوف,"
 غير متاح

",TINDOUF,تندوف
1205,3702,أم العسل,"
 غير متاح

",OUM EL ASSEL,تندوف
1206,3801,تيسمسيلت,"
 (046) 47 - 81 - 59

",TISSEMSILT,تيسمسيلت
1207,3802,برج بونعامة,"
 غير متاح

",BORDJ BOUNAAMA,تيسمسيلت
1208,3803,ثنية الاحد,"
 غير متاح

",THENIET EL HAD,تيسمسيلت
1209,3804,الأزهرية,"
 غير متاح

",LAZHARIA,تيسمسيلت
1210,3805,بني شعيب,"
 غير متاح

",BENI CHAIB,تيسمسيلت
1211,3806,الأرجم,"
 غير متاح

",LARDJEM,تيسمسيلت
1212,3807,ملعب,"
 غير متاح

",MELAAB,تيسمسيلت
1213,3808,سيدي العنتري,"
 غير متاح

",SIDI LANTRI,تيسمسيلت
1214,3809,برج الأمير عبد القادر,"
 غير متاح

",BORDJ EL EMIR ABDELKADER,تيسمسيلت
1215,3810,العيون,"
 (046) 47 - 30 - 44

",LAYOUNE,تيسمسيلت
1216,3811,خميستي,"
 (046) 47 - 10 - 50

",KHEMISTI,تيسمسيلت
1217,3812,أولاد بسام,"
 غير متاح

",OULED BESSEM,تيسمسيلت
1218,3813,عماري,"
 (046) 49 - 05 - 95

",AMMARI,تيسمسيلت
1219,3814,اليوسفية,"
 غير متاح

",YOUSSOUFIA,تيسمسيلت
1220,3815,سيدي بوتوشنت,"
 (046) 48 - 01 - 48

",SIDI BOUTOUCHENT,تيسمسيلت
1221,3816,الأربعاء,"
 غير متاح

",LARBAA,تيسمسيلت
1222,3817,المعاصم,"
 غير متاح

",MAACEM,تيسمسيلت
1223,3818,سيدي عابد,"
 غير متاح

",SIDI ABED,تيسمسيلت
1224,3819,تاملاحت,"
 (046) 52 - 33 - 43

",TAMELLALET,تيسمسيلت
1225,3820,سيدي سليمان,"
 غير متاح

",SIDI SLIMANE,تيسمسيلت
1226,3821,بوقايد,"
 غير متاح

",BOU CAID,تيسمسيلت
1227,3822,بني الحسن,"
 غير متاح

",BENI LAHCENE,تيسمسيلت
1228,3901,الوادي,"
 (032) 24 - 67 - 09

",EL-OUED,الوادي
1229,3902,الرباح,"
 (032) 20 - 50 - 57

",ROBBAH,الوادي
1230,3903,وادي العلندة,"
 (032) 14 - 31 - 95

",OUED EL ALENDA,الوادي
1231,3904,البياضة,"
 (032) 22 - 15 - 46

",BAYADHA,الوادي
1232,3905,النخلة,"
 (032) 21 - 36 - 25

",NAKHLA,الوادي
1233,3906,قمار,"
 (032) 20 - 35 - 60

",GUEMAR,الوادي
1234,3907,كوينين,"
 (032) 20 - 40 - 56

",KOUININE,الوادي
1235,3908,الرقيبة,"
 (032) 27 - 38 - 28

",REGUIBA,الوادي
1236,3909,الحمراية,"
 (032) 28 - 34 - 51

",HAMRAIA,الوادي
1237,3910,تاغزوت,"
 (032) 13 - 82 - 02

",TAGHZOUT,الوادي
1238,3911,الدبيلة,"
 (032) 20 - 83 - 04

",DEBILA,الوادي
1239,3912,حساني عبد الكريم,"
 (032) 26 - 34 - 83

",HASSANI ABDELKRIM,الوادي
1240,3913,حاسي خليفة,"
 (032) 20 - 03 - 30

",HASSI KHALIFA,الوادي
1241,3914,طالب العربي,"
 (032) 10 - 71 - 81

",TALEB LARBI,الوادي
1242,3915,دوار الماء,"
 (032) 22 - 91 - 79

",DOUAR EL MAA,الوادي
1243,3916,سيدي عون,"
 (032) 26 - 02 - 86

",SIDI AOUN,الوادي
1244,3917,الطريفاوي,"
 (032) 23 - 55 - 85

",TRIFAOUI,الوادي
1245,3918,المقرن,"
 (032) 27 - 00 - 35

",MAGRANE,الوادي
1246,3919,بني قشة,"
 (032) 22 - 29 - 82

",BEN GUECHA,الوادي
1247,3920,ورماس,"
 (032) 23 - 03 - 86

",OURMES,الوادي
1248,3925,العقلة,"
 (032) 24 - 14 - 24

",EL OGLA,الوادي
1249,3926,ميه وانسة,"
 (032) 11 - 11 - 06

",MIH OUANSA,الوادي
1250,4001,خنشلة,"
 (032) 32 - 88 - 69

",KHENCHELA,خنشلة
1251,4002,متوسة,"
 (032) 74 - 22 - 12

",M'TOUSSA,خنشلة
1252,4003,قايس,"
 (032) 37 - 22 - 22

",KAIS,خنشلة
1253,4004,بغاي,"
 (032) 73 - 33 - 98

",BAGHAI,خنشلة
1254,4005,الحامة,"
 (032) 33 - 11 - 34

",EL HAMMA,خنشلة
1255,4006,عين الطويلة,"
 (032) 35 - 04 - 05

",AIN TOUILA,خنشلة
1256,4007,تاوزيانت,"
 (032) 36 - 15 - 15

",TAOUZIANAT,خنشلة
1257,4008,بوحمامة,"
 (032) 35 - 45 - 56

",BOUHMAMA,خنشلة
1258,4009,الولجة,"
 (032) 33 - 54 - 60

",EL OUELDJA,خنشلة
1259,4010,الرميلة,"
 (032) 34 - 92 - 44

",REMILA,خنشلة
1260,4011,ششار,"
 (032) 36 - 62 - 59

",CHERCHAR,خنشلة
1261,4012,جلال,"
 (032) 35 - 71 - 01

",DJELLAL,خنشلة
1262,4013,ببار,"
 (032) 33 - 03 - 36

",BABAR,خنشلة
1263,4014,تلمزة,"
 (032) 34 - 43 - 18

",TAMZA,خنشلة
1264,4015,انسيغة,"
 (032) 74 - 52 - 32

",ENSIGHA,خنشلة
1265,4016,أولاد رشاش,"
 (032) 33 - 92 - 04

",OULED RECHACHE,خنشلة
1266,4017,المحمل,"
 (032) 33 - 60 - 44

",EL MAHMAL,خنشلة
1267,4018,مصارة,"
 (032) 36 - 52 - 51

",M'SARA,خنشلة
1268,4019,يابوس,"
 (032) 36 - 31 - 30

",YABOUS,خنشلة
1269,4020,خيران,"
 (032) 35 - 61 - 04

",KHIRANE,خنشلة
1270,4021,شلية,"
 (032) 34 - 71 - 11

",CHELIA,خنشلة
1271,4101,سوق أهراس,"
 (037) 31 - 84 - 52

",SOUK AHRAS,سوق اهراس
1272,4102,سدراتة,"
 (037) 37 - 70 - 25

",SEDRATA,سوق اهراس
1273,4103,الجنانشة,"
 (037) 34 - 32 - 68

",HANENCHA,سوق اهراس
1274,4104,مشروحة,"
 (037) 34 - 64 - 65

",MACHROHA,سوق اهراس
1275,4105,أولاد إدريس,"
 (037) 33 - 32 - 76

",OULED DRISS,سوق اهراس
1276,4106,تيفاش,"
 (037) 34 - 41 - 04

",TIFFECH,سوق اهراس
1277,4107,الزعرورية,"
 (037) 33 - 72 - 43

",ZAAROURIA,سوق اهراس
1278,4108,تاورة,"
 (037) 33 - 11 - 46

",TAOURA,سوق اهراس
1279,4109,الدريعة,"
 (037) 37 - 21 - 41

",DREA,سوق اهراس
1280,4110,الحدادة,"
 (037) 33 - 81 - 39

",HADDADA,سوق اهراس
1281,4111,لخضارة,"
 (037) 30 - 64 - 05

",KHEDARA,سوق اهراس
1282,4112,المراهنة,"
 (037) 33 - 43 - 36

",MERAHNA,سوق اهراس
1283,4113,أولاد مومن,"
 (037) 30 - 11 - 61

",OULED MOUMEN,سوق اهراس
1284,4114,بئر بوحوش,"
 (037) 37 - 01 - 03

",BIR BOUHOUCHE,سوق اهراس
1285,4115,مداوروش,"
 (037) 33 - 61 - 91

",M'DAOUROUCHE,سوق اهراس
1286,4116,أم العظايم,"
 (037) 37 - 31 - 09

",OUM EL ADHAIM,سوق اهراس
1287,4117,عين الزانة,"
 (037) 30 - 41 - 01

",AIN ZANA,سوق اهراس
1288,4118,عين السلطان,"
 (037) 38 - 31 - 04

",AIN SOLTANE,سوق اهراس
1289,4119,ويلان,"
 (037) 30 - 71 - 70

",QUILLEN,سوق اهراس
1290,4120,سيدي فرج,"
 (037) 30 - 92 - 08

",SIDI FREDJ,سوق اهراس
1291,4121,سافل الويدان,"
 (037) 38 - 71 - 02

",SAFEL EL OUIDEN,سوق اهراس
1292,4122,الرقوبة,"
 (037) 32 - 92 - 68

",RAGOUBA,سوق اهراس
1293,4123,خميسة,"
 (037) 38 - 01 - 02

",KHEMISSA,سوق اهراس
1294,4124,وادي الكبريت,"
 (037) 38 - 23 - 07

",OUED KEBRIT,سوق اهراس
1295,4125,ترقالت,"
 (037) 38 - 41 - 04

",TERRAGUELT,سوق اهراس
1296,4126,الزوابي,"
 (037) 38 - 81 - 51

",ZOUABI,سوق اهراس
1297,4201,تيبازة,"
 (024) 47 - 00 - 12

",TIPAZA,تيبازة
1298,4202,مناصر,"
 (024) 43 - 02 - 47

",MENACEUR,تيبازة
1299,4203,الأرهاط,"
 (024) 44 - 31 - 71

",LARHAT,تيبازة
1300,4204,دواودة,"
 (024) 40 - 84 - 13

",DOUAOUDA,تيبازة
1301,4205,بورقيقة,"
 (024) 49 - 86 - 96

",BOURKIKA,تيبازة
1302,4206,خميستي,"
 (046) 47 - 10 - 50

",KHEMISTI,تيبازة
1303,4207,أغبال,"
 (024) 45 - 34 - 48

",AGHBAL,تيبازة
1304,4208,حجوط,"
 (024) 49 - 20 - 49

",HADJOUT,تيبازة
1305,4209,سيدي عامر,"
 (024) 44 - 45 - 85

",SIDI-AMAR,تيبازة
1306,4210,قوراية,"
 (024) 45 - 28 - 92

",GOURAYA,تيبازة
1307,4211,الناظور,"
 (024) 42 - 34 - 98

",NADOR,تيبازة
1308,4212,الشعيبة,"
 (024) 48 - 02 - 95

",CHAIBA,تيبازة
1309,4213,عين تاقورايت,"
 (024) 46 - 52 - 31

",AIN TAGOURAIT,تيبازة
1310,4214,شرشال,"
 (024) 43 - 75 - 38

",CHERCHELL,تيبازة
1311,4215,الداموس,"
 (024) 43 - 39 - 22

",DAMOUS,تيبازة
1312,4216,مراد,"
 (024) 42 - 46 - 95

",MERAD,تيبازة
1313,4217,فوكة,"
 (024) 51 - 11 - 34

",FOUKA,تيبازة
1314,4218,بواسماعيل,"
 (024) 46 - 16 - 19

",BOU ISMAIL,تيبازة
1315,4219,أحمر العين,"
 (024) 49 - 03 - 77

",AHMER EL AIN,تيبازة
1316,4220,بوهارون,"
 (024) 40 - 43 - 22

",BOU HAROUN,تيبازة
1317,4221,سيدي غيلاس,"
 (024) 43 - 21 - 84

",SIDI GHILES,تيبازة
1318,4222,مسلمون,"
 (024) 45 - 54 - 04

",MESSELMOUN,تيبازة
1319,4223,سيدي راشد,"
 (024) 42 - 62 - 16

",SIDI RACHED,تيبازة
1320,4224,القليعة,"
 (024) 48 - 61 - 37

",KOLEA,تيبازة
1321,4225,الحطاطبة,"
 (024) 42 - 12 - 06

",ATTATBA,تيبازة
1322,4226,سيدي سميان,"
 (024) 44 - 81 - 99

",SIDI SEMIANE,تيبازة
1323,4227,بني ميلك,"
 (024) 53 - 61 - 63

",BENI MILEUK,تيبازة
1324,4228,حجرة النص,"
 (024) 44 - 02 - 98

",HADJRET ENNOUS,تيبازة
1325,4301,ميلة,"
 (031) 57 - 59 - 59

",MILA,ميلة
1326,4302,فرجيوة,"
 (031) 59 - 96 - 12

",FERDJIOUA,ميلة
1327,4303,شلغوم العيد,"
 (031) 52 - 51 - 38

",CHELGHOUM LAID,ميلة
1328,4304,وادي العثمانية,"
 (031) 50 - 71 - 38

",OUED ATHMENIA,ميلة
1329,4305,عين ملوك,"
 (031) 51 - 71 - 16

",AIN MELLOUK,ميلة
1330,4306,تلاغمة,"
 (031) 56 - 23 - 23

",TELEGHMA,ميلة
1331,4307,وادي سقان,"
 (031) 42 - 03 - 45

",OUED SEGUEN,ميلة
1332,4308,تاجنانت,"
 (031) 53 - 52 - 35

",TADJENANET,ميلة
1333,4309,أبن يحيى عبد الرحمن,"
 (031) 51 - 53 - 10

",BENYAHIA ABDERRAHMANE,ميلة
1334,4310,وادي النجاء,"
 (031) 56 - 60 - 71

",OUED ENDJA,ميلة
1335,4311,أحمد راشدي,"
 (031) 55 - 66 - 94

",AHMED RACHEDI,ميلة
1336,4312,أولاد خلوف,"
 (031) 51 - 43 - 38

",OULED KHALOUF,ميلة
1337,4313,تيبرقنت,"
 (031) 58 - 75 - 02

",TIBERGUENT,ميلة
1338,4314,بوحاتم,"
 (031) 59 - 01 - 45

",BOUHATEM,ميلة
1339,4315,الرواشد,"
 (031) 55 - 20 - 90

",ROUACHED,ميلة
1340,4316,تسالة المطاعي,"
 (031) 54 - 63 - 83

",TESSALA,ميلة
1341,4317,قرارم قوقة,"
 (031) 56 - 41 - 93

",GRAREM GOUGA,ميلة
1342,4318,سيدي مروان,"
 (031) 56 - 86 - 14

",SIDI MEROUANE,ميلة
1343,4319,تسادان حدادة,"
 (031) 59 - 32 - 11

",TASSADANE HADDADA,ميلة
1344,4320,دراجي بوصالح,"
 غير متاح

",DERRAHI BOUSSELAH,ميلة
1345,4321,مينار زرزة,"
 (031) 58 - 33 - 40

",MINAR ZARZA,ميلة
1346,4322,عميرة أراس,"
 (031) 54 - 32 - 09

",AMIRA ARRES,ميلة
1347,4323,ترعي بايبان,"
 (031) 55 - 31 - 27

",TERRAI BAINEM,ميلة
1348,4324,حمالة,"
 (031) 55 - 93 - 27

",HAMALA,ميلة
1349,4325,عين التين,"
 (031) 55 - 01 - 83

",AIN TINE,ميلة
1350,4326,المشيرة,"
 (031) 51 - 81 - 07

",EL MECHIRA,ميلة
1351,4327,سيدي خليفة,"
 (031) 54 - 21 - 70

",SIDI KHELIFA,ميلة
1352,4328,الزغاية,"
 (031) 55 - 40 - 49

",ZEGHAIA,ميلة
1353,4329,العيادي برباس,"
 (031) 58 - 61 - 78

",ELAYADI BARBES,ميلة
1354,4330,عين البيضاء حريش,"
 (031) 59 - 22 - 41

",AIN BEIDA HARRICHE,ميلة
1355,4331,يحيى بني قشة,"
 (031) 58 - 14 - 32

",YAHIA BENIGUECHA,ميلة
1356,4332,السيقارة,"
 (031) 55 - 81 - 33

",CHIGARA,ميلة
1357,4401,عين الدفلة,"
 غير متاح

",AIN-DEFLA,عين الدفلة
1358,4402,مليانة,"
 (027) 64 - 93 - 19

",MILIANA,عين الدفلة
1359,4403,بومدفع,"
 (027) 64 - 47 - 78

",BOUMEDFAA,عين الدفلة
1360,4404,خميس مليانة,"
 (027) 66 - 22 - 40

",KHEMIS-MILIANA,عين الدفلة
1361,4405,حمام ريغة,"
 غير متاح

",HAMMAM-RIGHA,عين الدفلة
1362,4406,عريب,"
 غير متاح

",ARIB,عين الدفلة
1363,4407,جليدة,"
 (027) 61 - 20 - 04

",DJELIDA,عين الدفلة
1364,4408,العامرة,"
 غير متاح

",EL-AMRA,عين الدفلة
1365,4409,بوراشد,"
 (027) 58 - 91 - 09

",BOURACHED,عين الدفلة
1366,4410,العطاف,"
 (027) 63 - 37 - 60

",EL-ATTAF,عين الدفلة
1367,4411,العبادية,"
 غير متاح

",EL-ABADIA,عين الدفلة
1368,4412,جندل,"
 (027) 64 - 12 - 52

",DJENDEL,عين الدفلة
1369,4413,وادي الشرفاء,"
 (027) 68 - 11 - 84

",OUED CHORFA,عين الدفلة
1370,4414,عين الاشياخ,"
 (027) 67 - 56 - 50

",AIN-LECHIAKH,عين الدفلة
1371,4415,وادي جمعة,"
 (027) 68 - 31 - 44

",OUED DJEMAA,عين الدفلة
1372,4416,روينة,"
 غير متاح

",ROUINA,عين الدفلة
1373,4417,زدين,"
 (027) 63 - 74 - 49

",ZEDDINE,عين الدفلة
1374,4418,الحسانية,"
 (027) 57 - 61 - 84

",HASSANIA,عين الدفلة
1375,4419,بئر ولد خليفة,"
 (027) 67 - 61 - 89

",BIR-OULD-KHELIFA,عين الدفلة
1376,4420,عين السلطان,"
 (027) 67 - 23 - 94

",AIN-SOLTANE,عين الدفلة
1377,4421,طارق بن زياد,"
 (027) 67 - 32 - 90

",TARIK-IBN-ZIAD,عين الدفلة
1378,4422,برج الأمير خالد,"
 (027) 67 - 03 - 77

",BORDJ-EMIR-KHALED,عين الدفلة
1379,4423,عين الترك,"
 (027) 65 - 44 - 15

",AIN-TORK,عين الدفلة
1380,4424,سيدي الأخضر,"
 غير متاح

",SIDI-LAKHDAR,عين الدفلة
1381,4425,إبن علال,"
 (027) 65 - 32 - 15

",BEN ALLAL,عين الدفلة
1382,4426,عين البنيان,"
 (027) 65 - 11 - 43

",AIN-BENIAN,عين الدفلة
1383,4427,الحسينية,"
 غير متاح

",HOCEINIA,عين الدفلة
1384,4428,بربوش,"
 (027) 68 - 41 - 06

",BARBOUCHE,عين الدفلة
1385,4429,جمعة أولاد الشيخ,"
 (027) 58 - 12 - 61

",DJEMAA OULED CHEIKH,عين الدفلة
1386,4430,المخاطرية,"
 غير متاح

",MEKHATRIA,عين الدفلة
1387,4431,بطحية,"
 غير متاح

",BATHIA,عين الدفلة
1388,4432,تاشتة زقاغة,"
 (027) 62 - 32 - 91

",TACHETA ZEGAGHA,عين الدفلة
1389,4433,عين بويحيى,"
 (027) 58 - 62 - 88

",AIN-BOUYAHIA,عين الدفلة
1390,4434,الماين,"
 غير متاح

",EL-MAINE,عين الدفلة
1391,4435,تبركانين,"
 غير متاح

",TIBERKANINE,عين الدفلة
1392,4436,بالعاص,"
 027.57.71.87

",BELAAS,عين الدفلة
1393,4501,النعامة,"
 (049) 79 - 66 - 80

",NAAMA,النعامة
1394,4502,مشرية,"
 (049) 77 - 61 - 35

",MECHERIA,النعامة
1395,4503,عين الصفراء,"
 (049) 76 - 18 - 07

",AIN SAFRA,النعامة
1396,4504,تيوت,"
 (049) 76 - 81 - 44

",TIOUT,النعامة
1397,4505,سفيسيفة,"
 (049) 76 - 73 - 77

",SFISSIFA,النعامة
1398,4506,مغرار,"
 (049) 76 - 02 - 50

",MOGHRAR,النعامة
1399,4507,عسلة,"
 (049) 79 - 03 - 63

",ASSELA,النعامة
1400,4508,جنين بورزق,"
 (049) 75 - 83 - 13

",DJENIANE BOURZEG,النعامة
1401,4509,عين بن خليل,"
 (049) 79 - 81 - 87

",AIN BEN KHELIL,النعامة
1402,4510,مكمن بن عمرو,"
 (049) 78 - 35 - 22

",MAKMAN BEN AMER,النعامة
1403,4511,قصدير,"
 (049) 79 - 03 - 63

",KASDIR,النعامة
1404,4512,البيوض,"
 (049) 78 - 18 - 60

",EL BIOD,النعامة
1405,4601,عين تيموشنت,"
 (043) 60 - 62 - 01

",AIN TEMOUCHENT,عين تيموشنت
1406,4602,شعبة اللحم,"
 (043) 70 - 01 - 34

",CHAABAT EL HAM,عين تيموشنت
1407,4603,عين الكحيل,"
 (043) 65 - 31 - 19

",AIN KIHAL,عين تيموشنت
1408,4604,حملم بوحجر,"
 (043) 73 - 75 - 13

",HAMMAM BOUHADJAR,عين تيموشنت
1409,4605,بوزجار,"
 (043) 66 - 64 - 14

",BOUZEDJAR,عين تيموشنت
1410,4606,وادي برقش,"
 (043) 63 - 31 - 19

",OUED BERKECHE,عين تيموشنت
1411,4607,أغلال,"
 (043) 67 - 01 - 70

",AGHLAL,عين تيموشنت
1412,4608,تارقة,"
 (043) 65 - 41 - 30

",TERGA,عين تيموشنت
1413,4609,عين الأربعاء,"
 (043) 63 - 12 - 43

",AIN EL ARBAA,عين تيموشنت
1414,4610,تامزورة,"
 (043) 62 - 01 - 15

",TAMZOURA,عين تيموشنت
1415,4611,شنتوف,"
 (043) 61 - 51 - 74

",CHENTOUF,عين تيموشنت
1416,4612,سيدي بن عدة,"
 (043) 60 - 81 - 13

",SIDI BEN ADDA,عين تيموشنت
1417,4613,عقب الليل,"
 (043) 61 - 63 - 41

",AOUBELLIL,عين تيموشنت
1418,4614,المالح,"
 (043) 75 - 68 - 39

",EL MALAH,عين تيموشنت
1419,4615,سيدي بومدين,"
 (043) 63 - 81 - 30

",SIDI BOUMEDIENE,عين تيموشنت
1420,4616,وادي الصباح,"
 (043) 62 - 23 - 33

",OUED SEBBAH,عين تيموشنت
1421,4617,أولاد بوجمعة,"
 (043) 67 - 22 - 76

",OULED BOUDJEMAA,عين تيموشنت
1422,4618,عين الطلبة,"
 (043) 65 - 10 - 20

",AIN TOLBA,عين تيموشنت
1423,4619,العامرية,"
 (043) 66 - 05 - 20

",EL AMRIA,عين تيموشنت
1424,4620,حاسي الغلة,"
 (043) 70 - 82 - 74

",HASSI EL GHELLA,عين تيموشنت
1425,4621,الحساسنة,"
 (043) 63 - 03 - 20

",HASSASNA,عين تيموشنت
1426,4622,أولاد كحيل,"
 (043) 67 - 33 - 63

",OULED KIHAL,عين تيموشنت
1427,4623,بني صاف,"
 (043) 64 - 33 - 03

",BENI SAF,عين تيموشنت
1428,4624,سيدي الصافي,"
 (043) 64 - 97 - 27

",SIDI SAFI,عين تيموشنت
1429,4625,ولهاصة الغرابة,"
 (043) 64 - 02 - 90

",OULHACA EL GHERABA,عين تيموشنت
1430,4626,سيدي أورياش,"
 (043) 68 - 92 - 71

",SIDI OURIACHE,عين تيموشنت
1431,4627,الأمير عبد القادر,"
 (043) 69 - 84 - 85

",EMIR ABDELKADER,عين تيموشنت
1432,4628,المساعيد,"
 (043) 66 - 51 - 05

",EL MESSAID,عين تيموشنت
1433,4701,غرداية,"
 (029) 28 - 58 - 47

",GHARDAIA,غرداية
1434,4703,ضاية بن ضحوة,"
 (029) 87 - 16 - 56

",DHAYET BENDHAHOUA,غرداية
1435,4704,بريان,"
 (029) 84 - 51 - 10

",BERRIANE,غرداية
1436,4705,منليلي,"
 (029) 29 - 22 - 85

",METLILI,غرداية
1437,4706,القرارة,"
 (029) 85 - 13 - 32

",EL GUERRARA,غرداية
1438,4707,العطف,"
 (029) 87 - 44 - 93

",EL ATTEUF,غرداية
1439,4708,رلفانة,"
 (029) 86 - 30 - 42

",ZELFANA,غرداية
1440,4709,سبسب,"
 (029) 82 - 62 - 15

",SEBSEB,غرداية
1441,4710,بونورة,"
 (029) 25 - 51 - 19

",BOUNOURA,غرداية
1442,4713,المنصورة,"
 (029) 87 - 62 - 66

",MANSOURA,غرداية
1443,4801,غليزان,"
 (046) 92 - 44 - 22

",RELIZANE,غليزان
1444,4802,وادي رهيو,"
 (046) 97 - 74 - 84

",OUED-RHIOU,غليزان
1445,4803,بلعسل بوزقزة,"
 (046) 89 - 01 - 10

",BELAASSEL BOUZAGZA,غليزان
1446,4804,سيدي سعادة,"
 (046) 87 - 71 - 97

",SIDI SAADA,غليزان
1447,4805,أولاد عيش,"
 (046) 95 - 72 - 11

",OULED AICHE,غليزان
1448,4806,سيدي لزرق,"
 (046) 96 - 72 - 11

",SIDI LAZREG,غليزان
1449,4807,الحمادنة,"
 (046) 97 - 33 - 23

",EL H'MADNA,غليزان
1450,4808,سيدي أحمد بن علي,"
 (046) 94 - 11 - 98

",SIDI M'HAMED BENALI,غليزان
1451,4809,مديونة,"
 (046) 94 - 31 - 02

",MEDIOUNA,غليزان
1452,4810,سيدي  خطاب,"
 (046) 90 - 73 - 13

",SIDI KHETTAB,غليزان
1453,4811,عمي موسى,"
 (046) 95 - 27 - 48

",AMMI MOUSSA,غليزان
1454,4812,زمورة,"
 (046) 86 - 52 - 58

",ZEMMOURA,غليزان
1455,4813,بني درقون,"
 (046) 96 - 52 - 55

",BENI DERGOUN,غليزان
1456,4814,جديوية,"
 (046) 97 - 18 - 03

",DJIDIOUIA,غليزان
1457,4815,القطار,"
 (046) 94 - 43 - 50

",EL-GUETTAR,غليزان
1458,4816,الحمري,"
 (046) 98 - 61 - 26

",HAMRI,غليزان
1459,4817,المطمر,"
 (046) 90 - 30 - 33

",EL-MATMAR,غليزان
1460,4818,سيدي امحمد بن عودة,"
 (046) 89 - 21 - 01

",SIDI M'HAMED BENAOUDA,غليزان
1461,4819,عين طارق,"
 (046) 85 - 94 - 95

",AIN-TAREK,غليزان
1462,4820,وادي السلام,"
 (046) 96 - 83 - 21

",OUED ESSALEM,غليزان
1463,4821,ورزان,"
 (046) 97 - 52 - 52

",OUARIZANE,غليزان
1464,4822,مازونة,"
 (046) 94 - 91 - 71

",MAZOUNA,غليزان
1465,4823,القلعة,"
 (046) 89 - 91 - 12

",KALAA,غليزان
1466,4824,عين الرحمة,"
 (046) 87 - 61 - 22

",AIN RAHMA,غليزان
1467,4825,يلل,"
 (046) 90 - 12 - 05

",YELLEL,غليزان
1468,4826,وادي الجمعة,"
 (046) 90 - 91 - 26

",OUED EL DJEMAA,غليزان
1469,4827,رمقة,"
 (046) 90 - 51 - 45

",RAMKA,غليزان
1470,4828,منداس,"
 (046) 96 - 05 - 55

",MENDES,غليزان
1471,4829,الأحلاف,"
 (046) 77 - 01 - 03

",LAHLEF,غليزان
1472,4830,بني زنطيس,"
 (046) 93 - 22 - 34

",BENI ZENTIS,غليزان
1473,4831,سوق الأحد,"
 غير متاح

",SOUK EL HAD,غليزان
1474,4832,دار بن عبد الله,"
 غير متاح

",DAR BEN ABDELAH,غليزان
1475,4833,الحاسي,"
 غير متاح

",EL HASSI,غليزان
1476,4834,حد الشكالة,"
 غير متاح

",HAD ECHKALLA,غليزان
1477,4835,بن داود,"
 غير متاح

",BENDAOUD,غليزان
1478,4836,الولجة,"
 غير متاح

",EL OULDJA,غليزان
1479,4837,مرجة سيدي عابد,"
 غير متاح

",MERDJA SIDI ABED,غليزان
1480,4838,أولاد سيدي ميهوب,"
 غير متاح

",OULED SIDI MIHOUB,غليزان
1481,4901,تيميمون,"
 (049) 90 - 45 - 53

",TIMIMOUN,تيميمون
1482,4902,أولاد سعيد,"
 (049) 91 - 72 - 72

",OULED SAID,تيميمون
1483,4903,أوقروت,"
 (049) 90 - 84 - 12

",AOUGROUT,تيميمون
1484,4904,دلدول,"
 (049) 91 - 92 - 75

",DELDOUL,تيميمون
1485,4905,المطارفة,"
 (049) 91 - 61 - 04

",METARFA,تيميمون
1486,4906,تينركوك,"
 (049) 90 - 91 - 00

",TINERKOUK,تيميمون
1487,4907,قصر قدور,"
 (049) 94 - 01 - 84

",KSAR KADDOUR,تيميمون
1488,4908,شروين,"
 (049) 90 - 62 - 01

",CHAROUINE,تيميمون
1489,4909,طلمين,"
 (049) 88 - 80 - 47

",TALMINE,تيميمون
1490,4910,أولاد عيسى,"
 (049) 91 - 31 - 31

",OULED AISSA,تيميمون
1491,5001,برج باجي مختار,"
 (049) 98 - 91 - 18

",BORDJ BADJI MOKHTAR,برج باجي مختار
1492,5002,تيمياوين,"
 (049) 98 - 81 - 48

",TIMIAOUINE,برج باجي مختار
1493,5101,أولاد جلال,"
 (033) 76 - 00 - 30

",OULED DJELLAL,أولاد جلال
1494,5102,سيدي  خالد,"
 (033) 76 - 84 - 90

",SIDI KHALED,أولاد جلال
1495,5103,رأس الميعاد,"
 (033) 77 - 81 - 08

",RAS EL MIAD,أولاد جلال
1496,5104,بسباس,"
 (033) 76 - 52 - 10

",BESBES,أولاد جلال
1497,5105,الشعيبة,"
 (033) 77 - 91 - 62

",CHAIBA,أولاد جلال
1498,5106,الدوسن,"
 (033) 76 - 61 - 87

",DOUCEN,أولاد جلال
1499,5201,بني عباس,"
 (049) 28 - 46 - 00

",BENI ABBES,بني عباس
1500,5202,تامترت,"
 (049) 86 - 81 - 06

",TAMTERT,بني عباس
1501,5203,كرزاز,"
 (049) 82 - 83 - 66

",KERZAZ,بني عباس
1502,5204,تيمودي,"
 (049) 82 - 21 - 03

",TIMOUDI,بني عباس
1503,5205,بني يخلف,"
 (049) 86 - 51 - 17

",BENI IKHLEF,بني عباس
1504,5206,الوطاء,"
 (049) 82 - 01 - 18

",EL OUATA,بني عباس
1505,5207,تبلبالة,"
 (049) 86 - 01 - 18

",TABELBALA,بني عباس
1506,5208,أولاد خضير,"
 (049) 82 - 71 - 09

",OULED KHOUDIR,بني عباس
1507,5209,قصابي,"
 (049) 83 - 71 - 03

",KSABI,بني عباس
1508,5210,إيقلي,"
 (049) 28 - 13 - 99

",IGLI,بني عباس
1509,5301,عين صالح,"
 (029) 35 - 74 - 96

",IN SALAH,عين صالح
1510,5302,فقارة الزوا,"
 (029) 35 - 92 - 84

",FOGGARET AZZAOUIA,عين صالح
1511,5303,إنغر,"
 (029) 34 - 03 - 09

",IN GHAR,عين صالح
1512,5401,عين قزام,"
 (029) 06 - 95 - 71

",IN GUEZZAM,عين قزام
1513,5402,تينزواتين,"
 (029) 05 - 55 - 37

",TIN ZOUATINE,عين قزام
1514,5501,توقرت,"
 (029) 68 - 19 - 59

",TOUGGOURT,تقرت
1515,5502,النزلة,"
 (029) 67 - 02 - 27

",NEZLA,تقرت
1516,5503,تبسبست,"
 (029) 67 - 10 - 75

",TEBESBEST,تقرت
1517,5504,الزاوية العابدية,"
 (029) 69 - 18 - 85

",ZAOUIA EL ABIDIA,تقرت
1518,5505,تماسين,"
 (029) 63 - 41 - 83

",TEMACINE,تقرت
1519,5506,بلدية عامر,"
 (029) 68 - 73 - 99

",BLIDET AMOR,تقرت
1520,5507,المقارين,"
 (029) 68 - 89 - 75

",MEGARINE,تقرت
1521,5508,المنقر,"
 (029) 68 - 02 - 98

",M'NAGUER,تقرت
1522,5509,الطيبات,"
 (029) 62 - 16 - 46

",TAIBET,تقرت
1523,5510,بن ناصر,"
 (029) 62 - 51 - 79

",BENACEUR,تقرت
1524,5511,سيدي سليمان,"
 (029) 69 - 41 - 35

",SIDI SLIMANE,تقرت
1525,5512,الحجيرة,"
 (029) 61 - 25 - 79

",EL-HADJIRA,تقرت
1526,5513,العالية,"
 (029) 61 - 41 - 64

",EL ALIA,تقرت
1527,5514,البرمة,"
 (029) 75 - 31 - 07

",EL BORMA,تقرت
1528,5601,جانت,"
 غير متاح

",DJANET,جانت
1529,5602,برج الحواس,"
 غير متاح

",BORDJ EL HAOUASSE,جانت
1530,5701,المغير,"
 (032) 28 - 83 - 36

",EL-M'GHAIR,المغير
1531,5702,أم الطيور,"
 (032) 28 - 04 - 82

",OUM TOUYOUR,المغير
1532,5703,سطيل,"
 (032) 28 - 24 - 43

",STILL,المغير
1533,5704,سيدي خليل,"
 (032) 28 - 44 - 02

",SIDI KHELIL,المغير
1534,5705,جامعة,"
 (032) 15 - 62 - 33

",DJAMAA,المغير
1535,5706,سيدي عمران,"
 (032) 25 - 18 - 09

",SIDI AMRANE,المغير
1536,5707,تندلة,"
 (032) 29 - 35 - 15

",TENEDLA,المغير
1537,5708,مرارة,"
 (032) 29 - 02 - 22

",M'RARA,المغير
1538,5801,المنيعة,"
 (029) 81 - 63 - 20

",EL MENIAA,المنيعة
1539,5802,حاسي القارة,"
 (029) 81 - 13 - 52

",HASSI GARA,المنيعة
1540,5803,حاسي الفحل,"
 (029) 87 - 82 - 13

",HASSI FEHAL,المنيعة
